NVESTIMENTOS_OUTROS_INVESTIMENTOS_BENS_DE_CAPITAL;DESPESA_AQUISICAO_BENS;TERRENOS_HABITACOES;DSC_AUTARQUIA;INFRAESTRUTURAS_BASICAS;ACESSIBILIDADES;ldk;DESPESA_TOTAL;JUROS_ENCARGOS;DESPESA_COM_PESSOAL;CODIGO_PERIODO;OUTROS_INVESTIMENTOS_BENS_DE_CAPITAL;EDIFICIOS;DESPESA_CORRENTE;CODIGOINE;TRANSFERENCIAS_OUTRAS_DESPESAS_CAPITAL;TRANSFERENCIAS_CORRENTES
;5516997.54;332.1;ABRANTES;975458.75;1790604.08;A_1401;23778353.74;133571.48;7060234.33;A;635371.29;1694694.54;16442494.47;1401;2239398.51;3731691.12
;6513734.94;134657.29;ÁGUEDA;205637.3;2068009.11;A_0101;25863045.72;80704.3;7426086.26;A;1983587.56;2380630.2;16620453.87;0101;2470070.39;2599928.37
;2086591.12;15000;AGUIAR DA BEIRA;510357.07;2117687.59;A_0901;8526674.99;25487.32;1975710.4;A;374660.84;405663.81;4602606.6;0901;500699.08;514817.76
;2045775.17;3154.68;ALANDROAL;124074;466153.22;A_0701;8963825.2;617333.11;3359984.45;A;298787.58;300452.93;6792166.61;0701;979036.18;769073.88
;4544267.8;440160.42;ALBERGARIA-A-VELHA;32895.59;1145638.33;A_0102;13802822.21;56230.11;4105708.65;A;1354135.16;189728.39;9625885.67;0102;1014378.65;919679.11
;28316960.8;251109.3;ALBUFEIRA;347694.33;439738.4;A_0801;77834083.32;5103990.94;20124777.6;A;559808.07;357843.66;56721838.69;0801;19156050.87;3176109.35
;5306057.75;23975.05;ALCÁCER DO SAL;87150.31;757483.57;A_1501;15353653.56;24941.4;6750716.58;A;602077.69;52818.79;13404309.88;1501;425838.27;1322594.15
;3306450.37;0;ALCANENA;40445.59;144611.43;A_1402;10951740.32;359392.14;3021362.75;A;775985.04;44401.1;7702207.22;1402;2244089.94;1015001.96
;11338675.46;3757.45;ALCOBAÇA;16545.9;601405.45;A_1001;26811788.08;439681.58;6922115.53;A;1347591.85;145500.17;21475657.24;1001;3221330.02;2775184.67
;3256986.85;10000;ALCOCHETE;34656.93;223454.48;A_1502;11960397.03;91043.95;6529833.81;A;250322.95;122647.58;10570846.43;1502;748468.66;692981.82
;2006897.96;331887.36;ALCOUTIM;134539.9;137896.25;A_0802;9211968.6;12224.64;2817384.68;A;2510771.13;1406.97;5234589.55;0802;860877.44;398082.27
;6615718.17;153607;ALENQUER;8425.5;2644131.51;A_1101;25089705.32;239288.63;9467762.57;A;193810.55;2512262.9;18103100.62;1101;1474367.24;1780331.25
;1874043.04;0;ALFÂNDEGA DA FÉ;56925.84;259642.5;A_0401;9019674.06;1189229.74;2855129.3;A;645850.16;297420.67;6665991.17;0401;1093843.72;747589.09
;5688593.17;58549.62;ALIJÓ;214411.78;1493816.66;A_1701;21575700.94;837574.48;2845553.15;A;554536.44;126941.9;10064225.72;1701;9063218.82;692504.92
;3058777.56;139704.12;ALJEZUR;51976.92;194335.46;A_0803;9102499.88;51663.28;3185302.6;A;460894.8;84706.93;7480937.47;0803;689944.18;1185194.03
;2479972.9;0;ALJUSTREL;425110.55;326569.68;A_0201;10613296.94;168712.72;3535352.5;A;1172187.35;243389.76;7270012.05;0201;1176027.55;1085973.93
;21682918.29;477745.37;ALMADA;1537020.32;1586245.22;A_1503;73367923.78;429353.28;28169769.88;A;5544008.08;754431.9;57563370.31;1503;5905102.58;7281328.86
;2511747.05;16057;ALMEIDA;119556.79;651704.54;A_0902;9298916.29;161559.97;3063712.85;A;450551.66;596583.19;6643198.18;0902;821264.93;906178.31
;4476694.35;422827.87;ALMEIRIM;12945.48;284404.21;A_1403;13073968.44;117548.11;4579593.97;A;574847.15;422097.68;10647321.28;1403;709524.77;1473484.85
;2599302.6;9250.52;ALMODÔVAR;119439.87;662985.9;A_0202;11060348.86;39438.18;3892694.55;A;544724.42;752150.08;7965026.2;0202;1006771.87;1433590.87
;1263574.37;0;ALPIARÇA;134.58;11552.26;A_1404;5871744.71;266817.5;2701803.17;A;95841.14;17355.08;4733369.57;1404;1013492.08;501174.53
;1642185.08;20975.07;ALTER DO CHÃO;72779.69;308178.95;A_1201;6219273;24084.54;2645501.77;A;436184.16;34149.65;4855052.67;1201;491952.81;543281.28
;2156844.48;0;ALVAIÁZERE;2124.57;662023.17;A_1002;7753484.15;101311.38;1541058.9;A;1402841.75;641757.85;4183438.06;1002;861298.75;384223.3
;940173.13;31;ALVITO;90098.81;160981.37;A_0203;4102361.75;4622.46;1987521.42;A;177482.34;23059.06;3484116.05;0203;166593.12;551799.04
;27494953.44;1352068.27;AMADORA;974635.42;269801.21;A_1115;74619402.28;359447.88;26644144.72;A;2550751.73;1133606.43;63275561.28;1115;5062977.94;8777015.24
;9374643.53;332377.05;AMARANTE;32416.73;1486983.09;A_1301;30113055.39;207653.22;8893364.98;A;268363.98;2314241.84;21433950.6;1301;4244722.1;2958288.87
;2892501.51;16543.75;AMARES;442447.54;154666.38;A_0301;11596698.47;136953.62;3781988.87;A;289498.31;443272.48;8018556.08;0301;2231713.93;1207112.08
;5405539.88;26678.8;ANADIA;2293497.22;1004713.66;A_0103;17306327.18;172584.01;4176281.1;A;534386.23;1505667.81;10629165.37;0103;1312218.09;874760.38
;2760482.3;646699.39;ANGRA DO HEROÍSMO;252470.22;2318463.57;A_4301;18244809.84;131359.43;4856586.34;A;927926.67;1377230.06;9817100.23;4301;2904919.7;2068672.16
;3198929.49;41300.33;ANSIÃO;148964.51;909981.42;A_1003;9931848.42;278666.9;2242388.88;A;421184.9;366693.31;6273134.4;1003;1770589.55;553149.13
;5948297.74;334302.21;ARCOS DE VALDEVEZ;801898.88;1508169.53;A_1601;20801765.93;50386.63;4898259.31;A;1614203.17;1978293.83;11990402.47;1601;2574495.84;1093458.79
;3275958.46;72500;ARGANIL;244508.25;811278.99;A_0601;10968869.98;107397.75;3346504.89;A;389577.31;29210.7;7744409.68;0601;1677385.05;1014548.58
;2331564.38;74950;ARMAMAR;11225.26;2264534.42;A_1801;10212709.44;269723.67;2911885.53;A;299193.97;424652.18;6035866.24;1801;1102287.37;522692.66
;5282064.32;45997.56;AROUCA;208422.81;930451.36;A_0104;15289155.15;83987.47;3584395.92;A;1398249.07;740043.12;10337604.86;0104;1628386.37;1387157.15
;2204190.65;59191.03;ARRAIOLOS;2263867.52;3231.41;A_0702;9968163.4;52584.04;2868552.1;A;427044.29;59079.67;6024507.74;0702;1131241.74;899180.95
;1318382.22;108291.96;ARRONCHES;7091.87;51802.23;A_1202;5150062.11;11996.93;1790709.8;A;413437.57;684679.06;3548675.01;1202;336084.41;427586.06
;3428933.97;411.72;ARRUDA DOS VINHOS;145065.37;205453.78;A_1102;9616396.79;113117.24;3742303.14;A;208078.45;225204.33;7792893.71;1102;1039289.43;508539.36
;7316424.4;3126941.29;AVEIRO;87685.86;288383.23;A_0105;44831325.73;1781214.25;11709864.97;A;1514716.6;615625.56;27009583.36;0105;12188389.83;6202079.74
;1895086.67;18010.92;AVIS;41242.98;171300.58;A_1203;7238018.26;106610.45;3296321.57;A;510819.17;66605.56;5765395.12;1203;664643.93;467376.43
;3078439.8;126748;AZAMBUJA;36949.05;119302.2;A_1103;12668704;248228.98;5520910.62;A;131628.43;32990.65;10053526.41;1103;2167559.26;1205947.01
;4195329.58;32327.05;BAIÃO;219840.84;757648.8;A_1302;14468574.11;56619.17;4825772.01;A;566697.16;1404176.44;10076866.37;1302;1411017.45;999145.61
;14665791.22;175493.1;BARCELOS;118316.4;3999755.68;A_0302;58579955.09;298073.23;14458008.54;A;1177542.18;1309754.21;34079604.42;0302;17719489.1;4657731.43
;451194.45;4761.77;BARRANCOS;0;49515.01;A_0204;3639534.02;31126.94;1827295.2;A;111685.42;7993.28;3016442.5;0204;449136.04;706825.91
;13125303.09;38430.75;BARREIRO;767056.87;467252.26;A_1504;40716672.43;531848.12;14642959.55;A;3004173.59;205366.61;32310054.36;1504;3924337.99;4009943.6
;4259777.99;0;BATALHA;64198.15;662914.72;A_1004;8868946.71;21384.22;1839443.67;A;214358.08;195606.01;7096361.59;1004;635508.16;975755.71
;6393796.82;615.89;BEJA;318277.76;902057.95;A_0205;22227743.7;182387;8266043.47;A;452889.75;771776.13;17594020.29;0205;2188105.93;2751793
;2714326.04;75370.14;BELMONTE;13342.01;598952.99;A_0501;6102139.32;60017.85;1148519.92;A;289722.45;52628.1;4421248.49;0501;650875.14;498384.68
;4746841.69;18533.93;BENAVENTE;74521.5;186643.81;A_1405;15600251.78;12610.21;5723697.55;A;608101.74;1075851.11;12801614.76;1405;834984.93;2318465.31
;3357372.92;0;BOMBARRAL;232035.83;33549.47;A_1005;9549432.46;171289.28;3246883.19;A;100803.33;993274.5;7186454.86;1005;1003314.47;410909.47
;1977436.94;0;BORBA;36270.66;26996.96;A_0703;7492280.47;281768.66;3098893.67;A;572604.87;29278.51;5636301.54;0703;1190827.93;278202.27
;2468200.53;37545;BOTICAS;254899.23;521273.34;A_1702;8249973.14;20787.51;2337730.58;A;1081098.87;0;5585032.97;1702;770123.73;758314.35
;17076189.22;0;BRAGA;14839.87;2626715.11;A_0303;87136871.1;470493.51;24503119.6;A;2307869.25;7913531.99;57859212.53;0303;16414702.35;15809410.2
;11475937.31;129390.19;BRAGANÇA;388417.72;1344036.75;A_0402;26061953.86;162051.16;6713685.98;A;425902.02;775185.58;19894200.91;0402;3104820.69;1542526.46
;3251168.03;195396.56;CABECEIRAS DE BASTO;425578.72;1109484.69;A_0304;12968579.78;153402.66;5123606.17;A;739354.89;317544.03;8789942.19;0304;1391278.7;261765.33
;4014163.05;2000;CADAVAL;30641.83;494182.81;A_1104;10039900.72;46408.71;3692212.53;A;222793.59;626768.27;8300526.65;1104;362987.57;547742.36
;7614773.35;2625000;CALDAS DA RAINHA;30053.39;2724973.96;A_1006;26879822.58;70677.69;5264488.78;A;3224459.33;822371.46;15791515.63;1006;1661448.81;2841575.81
;3102502.7;88105.78;CALHETA (MADEIRA);57203.95;1088381.78;A_3101;9082930.35;138089.11;2401382.64;A;319990.13;68230.5;6170218.42;3101;1290799.79;528243.97
;599396.16;0;CALHETA (SÃO JORGE);60182.91;903689.49;A_4501;4527821.97;139588.08;1693438.29;A;60801.54;0;2527505.76;4501;975642.27;95083.23
;1947759.39;155850.93;CÂMARA DE LOBOS;551887.15;2495280.69;A_3102;13631306.51;182854.54;3813041.74;A;1412293.68;68171.25;7262508.29;3102;1685314.52;1318852.62
;7057772.17;0;CAMINHA;1237237.61;636911.43;A_1602;17058558.14;136858.31;5352178.9;A;438862.46;159438.55;13473934.5;1602;1112173.59;927125.12
;2744406.22;949461.49;CAMPO MAIOR;17569.98;530100.58;A_1204;12709560.65;125964.14;3295698.47;A;302295.21;3665207.25;7096901.24;1204;148024.9;930832.41
;4352418.75;264602.54;CANTANHEDE;9971.11;664840.12;A_0602;19231242.67;333609.33;4888801.73;A;755521.92;1156273.31;12033003.71;0602;4347029.96;2458173.9
;1407768.25;32960.69;CARRAZEDA DE ANSIÃES;11781.47;240394.19;A_0403;7200464.7;26094.26;2523405.81;A;687904.54;48566.22;5136530.82;0403;1042326.77;1179262.5
;1887719.9;28867.56;CARREGAL DO SAL;38285.61;317897.16;A_1802;5774573.21;36066.62;2063220.89;A;150278.89;22193.37;4669392.11;1802;547658.51;682384.7
;6849659.08;104583.66;CARTAXO;304489.36;763364.72;A_1406;25820754.17;509547.81;6144150.9;A;2855743.56;1682679.33;16194205.67;1406;3915687.87;2690847.88
;63928827.2;1661849.23;CASCAIS;454900.05;5850076.43;A_1105;143460719.15;1263474.09;32494974.4;A;3129478.88;2323365.76;113427626.62;1105;16613422.18;15740350.93
;960946.66;0;CASTANHEIRA DE PÊRA;4318.93;31704.53;A_1007;4654602.87;380649.08;1371008.87;A;66128.33;41509.21;3054689.19;1007;1456252.68;342084.58
;7773452.81;1105365.5;CASTELO BRANCO;317734.17;2231910.49;A_0502;34618466.64;109795.7;7049080.13;A;1634546.87;4041644.6;18116198.26;0502;7171066.75;3183869.62
;3110088.35;85805.5;CASTELO DE PAIVA;78369.86;275235.85;A_0106;9507470.64;326140.53;3081419.66;A;312591.56;76788.99;7395932.21;0106;1282746.67;878283.67
;1412333.95;21108.19;CASTELO DE VIDE;30116.62;304188.58;A_1205;5915152.59;4460.2;2381946.63;A;207745.74;995397.55;4157881.96;1205;198713.95;359141.18
;4888873.25;39174.36;CASTRO DAIRE;192326.4;2218327.25;A_1803;13998815.07;24262.36;3880874.54;A;557189.13;148695.15;10206070.68;1803;637032.1;1412060.53
;5192742.09;568835.22;CASTRO MARIM;171597.2;1564767.76;A_0804;12145184.17;88128.82;2619290.92;A;446994.8;8546.13;8800499.61;0804;583943.45;900337.78
;2648863.23;7309.09;CASTRO VERDE;176750.67;167488.34;A_0206;10842731.6;43049.18;3641934.06;A;1144080.12;184302;7720736.99;0206;1442064.39;1386890.52
;2263209.21;5000;CELORICO DA BEIRA;919.03;1036394.52;A_0903;9218985.65;278117.37;3210367.22;A;304343.48;204129.23;6272466.93;0903;1395732.46;520773.13
;4025419.8;111191.17;CELORICO DE BASTO;0;284713.82;A_0305;13278221.24;516675.38;4666070.6;A;719673.62;57184.8;10008328.04;0305;2097129.79;800162.26
;2139049.69;1980;CHAMUSCA;199959.7;552406.36;A_1407;8475077.95;82706.11;3100977.85;A;160983.59;55895.11;6128296.7;1407;1375556.49;805563.05
;19505143.96;1772.17;CHAVES;507662.31;3281864.5;A_1703;51861254.42;1813530.37;9150227.19;A;7201965.02;3768865.49;32288867.31;1703;4810257.62;1819965.79
;4151686.15;85803.6;CINFÃES;387959.07;1139916.47;A_1804;14296406.76;18999.37;3831693.82;A;931535.35;510629.81;10127399.57;1804;1113162.89;2125020.23
;19851751.73;889907.36;COIMBRA;126802.06;1189706.48;A_0603;71173340.97;881409.39;26111048.55;A;2121439.87;1482805.63;59937750.13;0603;5424929.44;13093540.46
;4102373.89;0;CONDEIXA-A-NOVA;210094.24;350351.35;A_0604;10963943.92;43984.17;3463391.73;A;915946.7;68995.94;8294068.4;0604;1124487.29;684318.61
;1650109.77;21930.41;CONSTÂNCIA;31361.37;15271.9;A_1408;5207011.27;61468.72;2110977.82;A;67426.23;181306.46;4141682.65;1408;748032.25;319126.34
;3736447.9;105171.44;CORUCHE;20594.31;1914943.28;A_1409;16421681.14;69027.71;5764203.32;A;2084178.07;370950.1;11135215.62;1409;790628.32;1565536.69
;325368.17;32167.34;CORVO;102427.41;8971.24;A_4901;1776445.49;6199.11;493275.5;A;665523.33;1180;836556.53;4901;129619.64;11713.75
;5536328.09;495275.6;COVILHÃ;73109.86;2070541.24;A_0503;24452404.28;557801.92;5923417.16;A;1351949.91;712221.49;14216571.41;0503;5532734.77;2199024.24
;2309470.33;13225.13;CRATO;175273.47;212686.2;A_1206;7005750.76;44286.74;2259843.54;A;397256.48;138840.25;5124600.18;1206;943869.05;510999.57
;1244311.7;475;CUBA;175978.07;173033.39;A_0207;4952975.45;23584.05;2085792.89;A;101461.93;12850.53;3888611.7;0207;600564.83;534923.06
;7612713.76;558364.8;ELVAS;12640.53;1676592.49;A_1207;22829546.87;10372.41;4743448.49;A;1013392.77;499271.15;18828305.32;1207;240979.81;6461770.66
;4572739.14;12712.3;ENTRONCAMENTO;36721.61;90911.26;A_1410;15698662.63;276529.91;5176435.04;A;1930563.76;2083944.14;10481882.16;1410;1061927.4;456178.07
;7904394.85;55902.31;ESPINHO;212051.7;616104.5;A_0107;30889936.54;378915.72;9216737.15;A;3208384.97;4078232.81;19199169.23;0107;3520091.02;1699121.51
;4952950.49;37500;ESPOSENDE;0;633943.27;A_0306;15993458.53;62851.8;4178027.93;A;259605.42;1488315.43;11746607.6;0306;1827486.81;2552777.38
;3347627;477041.87;ESTARREJA;363500.15;1046442.02;A_0108;13376350.15;101900.16;4382188.7;A;500404.02;357218.35;8820699.93;0108;1811043.81;988984.07
;4372344.73;282343.07;ESTREMOZ;111621.46;290611.17;A_0704;11619024.71;233076.85;3765021.92;A;320916.34;22041.5;9786940.71;0704;804550.46;1416497.21
;18597761.74;405431.79;ÉVORA;88183.29;1300334.39;A_0705;52513858.9;2545263.41;18166397.8;A;590279.52;1736598.59;40914908.63;0705;7478122.69;1605485.68
;7151645.5;2963420.15;FAFE;229487.77;1230589.49;A_0307;29295744.92;126691.79;7576950.39;A;1203658.11;1390021.44;18405965.32;0307;3872602.64;3550677.64
;16345803.41;2092375.44;FARO;123365.78;3233192.89;A_0805;58470535.3;2012497.69;13714459.13;A;1657155.35;3771470.32;38684922.86;0805;8908052.66;6612162.63
;8594024.81;574648.2;FELGUEIRAS;1862668.66;885694.28;A_1303;33524462.04;135216.81;10463557.15;A;1213648.19;1132480.69;25435707.16;1303;2419614.86;6242908.39
;2455504.82;3832;FERREIRA DO ALENTEJO;56063.42;350828.09;A_0208;9750279.78;101024.87;4205202.52;A;359842.9;380827.17;7693860.09;0208;905026.11;932127.88
;3293661.67;0;FERREIRA DO ZÊZERE;0;371273.09;A_1411;7935660.92;113624.56;2313721.83;A;337241.93;215129.84;6320972.99;1411;691043.07;599964.93
;10318142.27;244006;FIGUEIRA DA FOZ;151143.16;1332886.38;A_0605;36610738.77;1826181.44;10139156.89;A;1561897.79;1348304.09;25479595.95;0605;6492905.4;3196115.35
;2718393.39;21867.53;FIGUEIRA DE CASTELO RODRIGO;68674.88;2841.3;A_0904;10253185.12;98628.32;2455291.01;A;293814.23;197683.23;6265959.29;0904;3402344.66;993646.57
;1813654.23;1266.27;FIGUEIRÓ DOS VINHOS;1066.03;79474.16;A_1008;6967396.38;221387.59;2803958.77;A;580866.49;54098.37;5208014.16;1008;1042610.9;369013.57
;1464867.71;627.3;FORNOS DE ALGODRES;1599;59921.55;A_0905;5439093.52;760598.85;1730586.76;A;74006.06;7711.05;4045675.38;0905;1249553.18;89622.06
;2694583.41;114613.78;FREIXO DE ESPADA À CINTA;0;142313.98;A_0404;9700455.65;931263.21;2918827.34;A;1000850.67;338703.47;6941301.01;0404;1162672.74;396627.05
;1750838.77;0;FRONTEIRA;5925.29;625275.28;A_1208;5353373.85;28500.61;1654836.16;A;364505.41;46894.98;3953685.61;1208;357087.28;519510.07
;23147047.75;272849.2;FUNCHAL;1275140.9;2888749.99;A_3103;74125736.28;1003764.7;30407727.73;A;1765298.63;1453271.73;57791107.83;3103;8679318;3232567.65
;6386711.68;144202.83;FUNDÃO;304907.94;933141.8;A_0504;25855512.71;2341948.21;5955174.74;A;2405374.13;195391.44;15820651.03;0504;6051843.54;1136816.4
;1827040.18;176671.52;GAVIÃO;119205.27;282514.93;A_1209;6413072.29;16010.59;2144416.51;A;725282.8;149737.75;4577219.37;1209;382440.65;589752.09
;1894268.24;690;GÓIS;225901.72;275796.78;A_0606;6909623.83;35627.99;2941923.35;A;255846.26;36452.65;5658462.88;0606;456473.54;786643.3
;1791784.41;100375.63;GOLEGÃ;29024.85;89570.06;A_1412;5886696.99;31953.02;2102646.64;A;706660.88;122821.92;4270714.19;1412;567529.46;344330.12
;19795448.23;1072730.55;GONDOMAR;34474.46;4056099.75;A_1304;63157167.69;389105.84;22214722.9;A;2545671.52;3099705.82;47779218.25;1304;4569267.34;5379941.28
;2822405.29;153647.84;GOUVEIA;57807.47;2265045.1;A_0906;12331975.87;87588.27;3378319.71;A;1004631.26;263775.54;7174175;0906;1412893.66;885861.73
;5199752.33;83726.66;GRÂNDOLA;94283.37;1323782.24;A_1505;19264120.91;143262.46;8549793.73;A;782806.9;182958.91;15324033.23;1505;1472529.6;1431224.71
;7958066.31;10975.94;GUARDA;107068.48;2997121.12;A_0907;28374878.59;877195.42;9148013.99;A;278810.92;719435.93;19139988.91;0907;5121477.29;1156713.19
;18508094.44;977546.25;GUIMARÃES;0;1902630.75;A_0308;72794510.4;557921.74;23350740.46;A;5074286.6;2906870.64;53537907.42;0308;8395268.74;11121150.78
;2136230.94;0;HORTA;2413795.32;1402000.84;A_4701;11714361.74;68057.87;3439481.85;A;328535.46;7136.64;6424592.81;4701;1138300.67;780822.15
;6335287.71;131717.28;IDANHA-A-NOVA;121582.82;757909.71;A_0505;16486722.99;40807.91;4379398.05;A;1739703.85;582257.53;12013945.09;0505;1139606.71;1258451.42
;7427156.11;472565.28;ÍLHAVO;1872538.2;767524.56;A_0110;22908957.28;412839.7;4989450.1;A;2456975.84;302367.84;13365569.18;0110;3671416.38;536123.27
;12066052.83;0;LAGOA (ALGARVE);335201.15;207953.71;A_0806;25366308.61;285962.63;6476431.17;A;1613583.57;185208.45;21506192.92;0806;1518168.81;2677746.29
;2830976.59;0;LAGOA (SÃO MIGUEL);59438.75;862393.19;A_4201;9558037.67;81444.33;2706829.63;A;575423.26;35922.54;6652838.57;4201;1372021.36;1033588.02
;17811451.78;837033.99;LAGOS;579863.25;444235.83;A_0807;41553897.22;1080178.95;11761726.22;A;567381.9;676942.86;35317224.03;0807;3131215.36;4663867.08
;444311.16;66000;LAJES DAS FLORES;138204.7;1856673.76;A_4801;4991106.64;12990.01;1102795.05;A;611649.1;94493.92;1665843.18;4801;558241.98;105746.96
;935728.17;12000;LAJES DO PICO;286093.62;1566008.85;A_4601;7030978.15;159141.75;1729302.83;A;189328.78;495674.56;3079026.78;4601;1402845.56;254854.03
;5867586.61;9000;LAMEGO;296575.16;1962637.51;A_1805;21608197.79;687147.42;4602505.83;A;241757.13;1491720.87;13344228.56;1805;4262278.56;2186988.7
;14605738.66;16536;LEIRIA;300799.28;2533764.1;A_1009;57243921.93;1274776.5;12320471.2;A;4100576.76;2671021.51;36975448;1009;10645776.28;8774461.64
;132540525.34;11384284.67;LISBOA;4096554.46;10909192.09;A_1106;640000249.03;7260017.5;216512163.43;A;32993013.17;9388069.8;441940695.43;1106;129288439.41;85627989.16
;26582007.28;691747.4;LOULÉ;2943775.53;4749489.73;A_0808;92128838.58;589169.64;25771145.76;A;3279760.41;3828959.78;57787460.46;0808;18847684.63;4845137.78
;32103516.23;454188.82;LOURES;307723.99;476128.55;A_1107;102581277.53;1128635.25;38008150.63;A;709524.42;3182033.59;84066571.6;1107;13385106.56;12826269.49
;6416295.07;444236.96;LOURINHÃ;170130.51;290656.66;A_1108;19373485.65;266092.34;5794903.78;A;386403.8;1458311.25;14438381.81;1108;2185364.66;1961090.62
;4915091.77;61565.19;LOUSÃ;472838.66;637623.9;A_0607;13492400.19;91269;4254744.48;A;996518.31;671073.56;10006886.24;0607;645894.33;745780.99
;6996383.85;50000;LOUSADA;758643.45;391827.98;A_1305;25083523.23;189946.3;9759379.25;A;341342.88;1847747.96;19295469.06;1305;2398491.9;2349759.66
;3173417.85;0;MAÇÃO;105251.68;765743.43;A_1413;8566510.53;30048.45;3163272.06;A;196648.95;244568.26;6977201.33;1413;277096.88;610462.97
;6325027.27;190714.5;MACEDO DE CAVALEIROS;39535.4;1036602.91;A_0405;15913877.63;61315.38;4638503.88;A;338897.36;0;12086137.28;0405;2221990.18;1061290.75
;8050209.77;9500;MACHICO;33872.8;1277619.47;A_3104;16264420.38;610092.29;3463405.26;A;101382.66;0;13314434.08;3104;1527611.37;1190726.76
;1126940.31;0;MADALENA;103423.58;2241998.16;A_4602;7190816.43;22301.44;2267299.53;A;207786.75;222139.67;3809692.5;4602;605775.77;393151.22
;21843671.77;78428;MAFRA;686942.34;5084495.88;A_1109;52140608.92;112750.89;13929910.11;A;2256141.38;188490.04;39957337.91;1109;3888773.37;4071005.14
;15434195.89;237729.23;MAIA;4738597.12;1537521.36;A_1306;59462431.7;1723483.57;18567367.45;A;1031912.79;3310949.89;39706547.35;1306;8899173.96;3981500.44
;4435727.71;15536.46;MANGUALDE;732153.95;1706892.62;A_1806;16133336.28;401184.75;4592825.23;A;568375.13;1106706.35;9989426.22;1806;2014245.55;559688.53
;1380262.55;10247.92;MANTEIGAS;131544.49;122410.86;A_0908;5118927.47;24938.18;1300144.92;A;797133.54;0;3457309.92;0908;600280.74;751964.27
;7498395.78;32296.87;MARCO DE CANAVESES;524155.14;454997.81;A_1307;25264409.78;457410.02;6875721.53;A;564060.3;318478.2;17475330.16;1307;5895091.3;2643802.83
;7784015.37;58158.19;MARINHA GRANDE;599546.06;705187.13;A_1010;19965620.76;21997.88;5403826.48;A;1480038.36;678953.67;15641811.17;1010;801926.18;2431971.44
;1314990.46;808643.91;MARVÃO;177894.45;144897.78;A_1210;5108975.83;7237.32;1736929.25;A;280210.15;18704.86;3442323.47;1210;236301.21;383166.44
;25465524.66;4384128.02;MATOSINHOS;632314.7;1623537.48;A_1308;88661753.73;706241.51;29702027.6;A;2511746.35;3853050.89;68457715.38;1308;7199260.91;12583921.61
;3680237.91;338138.35;MEALHADA;164037.91;1522370.31;A_0111;16171014.93;0;4523811.59;A;433130.04;2761281.69;8808666.74;0111;2143389.89;604617.24
;2838401.08;83597.83;MEDA;199286.87;423133.31;A_0909;7802518.5;275757.73;3041528.33;A;112319.29;143603.48;6487092.04;0909;353485.68;331404.9
;2430238.89;16406.51;MELGAÇO;681715.97;899062.11;A_1603;11174603.95;175949.22;4584277.87;A;202690.96;207386.28;7635704.25;1603;1531637.87;445238.27
;3218786.66;168717.35;MÉRTOLA;112755.78;1890881.73;A_0209;13338302.24;41209.92;4634782.56;A;739355.84;77494.26;9023273.26;0209;1325824.02;1128494.12
;992940.96;26089.58;MESÃO FRIO;8897.37;159252;A_1704;4989859.26;210558.42;1999830.21;A;156972.56;239886.01;3377725.42;1704;1021036.32;174395.83
;3771562.97;0;MIRA;298253.52;242249.89;A_0608;10105386.22;15728.81;3609526.91;A;499762.59;176900.34;7800425.09;0608;1087794.79;403606.4
;2923356.53;75119.67;MIRANDA DO CORVO;165692.11;196740.42;A_0609;8320459.77;29116.73;2919176.04;A;746374.08;5756.4;6467194.2;0609;663582.89;595544.9
;3429586.79;6718.4;MIRANDA DO DOURO;173153.58;475656.08;A_0406;10423396.76;254290.64;3129185.83;A;1037529.46;144855.59;7392096.98;0406;1193386.67;579033.72
;6611142.66;68995.35;MIRANDELA;227876.38;922775.92;A_0407;21928407.93;925110.09;6382566.56;A;1040326.62;2315620.03;15168166.19;0407;2184647.44;1249346.88
;4883520.87;13845.92;MOGADOURO;113524.52;161660.64;A_0408;12598096.19;28629.27;2808426.4;A;2141619.87;172529.26;8839692.22;0408;1155223.76;1119115.68
;3227692.04;301540.19;MOIMENTA DA BEIRA;170824.67;1135713.66;A_1807;11519075.28;271644.13;3001476.55;A;638140.03;177167.91;7219105.26;1807;1876583.56;718292.54
;7039851.35;17030.45;MOITA;539830.27;487107.36;A_1506;30284680.18;150702.43;13950877.3;A;1576319.68;263438.86;24497960.8;1506;2902992.76;3356529.72
;3769116.32;61774.46;MONÇÃO;169150.69;616351.95;A_1604;14743681.03;140026.48;4502906.61;A;602092.7;334760.97;9445338.55;1604;3514211.71;1033289.14
;1855953.83;17000;MONCHIQUE;761164.53;422142.13;A_0809;9640372.64;23100.76;3575672.03;A;655907.85;26788.63;6355639.35;0809;1401730.15;900912.73
;1776262.67;72560.05;MONDIM DE BASTO;27707.08;91328.12;A_1705;7220717.9;272548.64;2644867.64;A;154114.54;320837.03;5052382.57;1705;1501788.51;358703.62
;1129043.31;0;MONFORTE;91.94;72113.32;A_1211;5303637.74;57772.08;2490409.14;A;88807;132980.33;4149546.79;1211;860098.36;472322.26
;4017481.85;385411.94;MONTALEGRE;799378.91;2325498.5;A_1706;17123667.02;25451.54;4230926.32;A;821814.24;883437.85;10629507.83;1706;1278617.75;2355648.12
;4797112.99;36513.38;MONTEMOR-O-NOVO;238095.74;419137.7;A_0706;16715338.47;113724.39;6612634.13;A;851530.94;767259.94;13087759.73;0706;1315041.04;1564288.22
;5095814.15;0;MONTEMOR-O-VELHO;732597.85;611942.63;A_0610;14600077.59;598500.81;4083825.15;A;1180505.36;176927.44;10454671.92;0610;1443432.39;676531.81
;6225981.97;103122.68;MONTIJO;71970.06;275696.5;A_1507;24359531.69;129517.66;12845214.67;A;352037.39;584274.44;21656751.94;1507;1315678.68;2456037.64
;1330078.37;7075.77;MORA;81157.88;363193.84;A_0707;5633073.79;21596.45;2348380.59;A;295040.52;44530.16;4452180.71;0707;389894.91;752125.3
;1873344.55;82416.42;MORTÁGUA;247029.19;920340.5;A_1808;8250800.43;39495.5;2540716.57;A;301042.98;66026.11;5881211.39;1808;752733.84;1427654.77
;3421205.15;92088;MOURA;320536.93;935188.19;A_0210;14683245.59;110020.09;6075346.32;A;917775.35;132082.45;10584420.59;0210;1701154.08;977849.03
;1080075.38;3369.65;MOURÃO;23196.54;14747.35;A_0708;5016501.1;210605.53;3028574.39;A;70599.89;0;4589104.72;0708;315482.95;269849.42
;1890080.47;0;MURÇA;11124.15;291248.36;A_1707;6564557.38;242456.91;2360698.61;A;91816.92;35841.64;4776440.47;1707;1358085.84;283204.48
;1746065.69;554647.02;MURTOSA;66308.62;697106.33;A_0112;6770450.33;9088.28;1734599.86;A;1065725.95;146618.26;3984159.47;0112;255884.68;494405.64
;3351729.05;544.83;NAZARÉ;32743.63;58148.91;A_1011;11532175.97;954601.31;2960675.14;A;851305.86;50020.92;8741551.02;1011;1797860.8;1474545.52
;2442844.15;69085.6;NELAS;65959.67;400776.2;A_1809;8926564.48;596493.63;3083930.57;A;187950.74;27057.8;6993934.24;1809;1181800.23;870665.89
;2216025.77;397.3;NISA;936.25;53049.96;A_1212;11405656.63;57665.12;3993109.12;A;246795.64;2334160.23;7043681.95;1212;1726635.3;776881.94
;787776.66;74968.5;NORDESTE;85311.96;957909.94;A_4202;6928265.61;630656.79;1505856.15;A;81979.22;116637.74;3609450.18;4202;2002008.07;685160.58
;5412817.39;335796.81;ÓBIDOS;81799.81;203292.34;A_1012;19011752.63;287218.95;4875956.45;A;774232.3;3649721.38;12287864.55;1012;1679045.44;1711871.76
;7064287.09;100425;ODEMIRA;208600.45;574956.95;A_0211;24943923.57;77941.09;8046450.04;A;2116621.38;606804.4;18980067.74;0211;2356447.65;3791389.52
;23897825.83;4649.75;ODIVELAS;94478.58;791014.47;A_1116;64417081.82;606249.16;22733103.96;A;438396.76;642818.13;53053916.25;1116;9391807.88;5816737.3
;29998859.3;6685101.94;OEIRAS;5077078.94;2542440.21;A_1110;108812708;2445694.55;33125802.39;A;5730912.68;8151368.53;76440474.32;1110;4185331.38;10870118.08
;2585989.59;1920;OLEIROS;53165.12;1310113.06;A_0506;8689087.5;30331.07;2138504.13;A;680704.63;311824.81;5585228.34;0506;746131.54;830403.55
;5523460.58;11186;OLHÃO;251072.84;29621.28;A_0810;22898255.34;361546.23;8197154.95;A;853589.21;95024.95;18963850.79;0810;2693910.27;4881689.03
;8432895.54;1484059.36;OLIVEIRA DE AZEMÉIS;1127978.24;1754391.66;A_0113;34867103.5;425560.74;9835467.31;A;248800.27;1890593.13;21923944.97;0113;6437335.87;3230021.38
;2281031.16;0;OLIVEIRA DE FRADES;1224577.88;1089705.52;A_1810;11902053.08;81944.16;2735117.68;A;952013.35;1835757.65;5449039.08;1810;1350959.6;350946.08
;3724828.35;399220.6;OLIVEIRA DO BAIRRO;115700.69;1917478.01;A_0114;17575893.55;140002.04;4326124.93;A;333151.23;3668026.8;9398067.02;0114;1744249.2;1207111.7
;4769642.25;81352.57;OLIVEIRA DO HOSPITAL;455970.43;659941.92;A_0611;13855271.95;57162.79;3858385.79;A;445194.84;482454.11;10477425.67;0611;1252932.41;1792234.84
;11383378.77;266764.77;OURÉM;98185.09;401828.97;A_1421;30855590.13;401983.33;6569236.03;A;945426.96;1126126.74;21227201.28;1421;6790056.32;2872603.15
;1538356.56;20268.61;OURIQUE;44671.24;918108.01;A_0212;9814566.19;89931.07;3954630.29;A;379552.39;89483.34;6500035.52;0212;1862447.08;917117.6
;7681570.81;852382.7;OVAR;41735.67;2153226.93;A_0115;25322737.73;131143.6;7310341.71;A;1404573.54;394289.34;18342515.64;0115;2134013.91;3219459.52
;6978075.81;61297.57;PAÇOS DE FERREIRA;18897.35;1172000.89;A_1309;23036540.95;982435.42;6916059.35;A;896126.49;1717683.11;16873706.76;1309;2296828.78;1997136.18
;13219782.11;202970;PALMELA;101998.21;922400.1;A_1508;38207348.1;478674.15;17606603.76;A;341088.15;704278.52;33829720.23;1508;2104892.89;2524660.21
;3667577.51;80105;PAMPILHOSA DA SERRA;127027.53;757095.07;A_0612;10041775.93;1422.93;2467325.25;A;762290.5;323615.55;7635753.76;0612;355888.52;1499428.07
;11890153.41;136939.15;PAREDES;132530.82;3559568.81;A_1310;42974068.4;840471.77;13534117.16;A;1241958.7;3637604.07;29471255.51;1310;4794211.34;3206513.17
;2735159;0;PAREDES DE COURA;1545471.2;425352.76;A_1605;10974018.27;420979.1;2903982.57;A;141211.06;510911.44;6644771.03;1605;1706300.78;584650.36
;1871427.24;17250;PEDRÓGÃO GRANDE;72423.9;306802.12;A_1013;5927543.66;570045.65;1433592.25;A;410614.23;214608.19;4462771.7;1013;443073.52;587706.56
;3643701.05;28960.74;PENACOVA;255568.9;1749438.57;A_0613;11865654.09;36203.09;2613649.08;A;721040.62;864909.24;7333751.36;0613;911984.66;1040198.14
;8298689.73;197668.74;PENAFIEL;1059821.77;3640876.89;A_1311;36608464.45;267001.58;11104610.02;A;1700973.04;4880018.69;22550968.29;1311;2578137.03;2880666.96
;2032761.15;53443.12;PENALVA DO CASTELO;130249.5;1247374.37;A_1811;7726940.58;15696.15;2250644.36;A;542387.26;124359.7;4900239.58;1811;728887.05;601137.92
;2492522.19;0;PENAMACOR;544360.52;303609.72;A_0507;8566190.53;56911.28;2041740.51;A;1045410.62;1055841.37;4970191.12;0507;646777.18;379017.14
;1806278.12;245280.15;PENEDONO;468494.57;174654.53;A_1812;6303731.14;0;1669856.52;A;997455.87;220678.99;3993524.41;1812;203642.62;517389.77
;1889586.79;5130.99;PENELA;34537.62;422518.62;A_0614;6255825.3;171171.81;1921622.12;A;161853.95;227844.85;4699641.32;0614;704297.95;717260.6
;5494138.63;62382.54;PENICHE;13377.88;180546.87;A_1014;15243778.25;115991.64;6017589.24;A;504156.5;356337.68;13179157.16;1014;947819.62;1551437.65
;4018287.51;22622.15;PESO DA RÉGUA;246724.26;839542.68;A_1708;15879007.52;384733.75;4405676.24;A;810183.7;2763664.62;9780708.6;1708;1415561.51;972011.1
;3309048.3;0;PINHEL;101033.85;533553.23;A_0910;10235894.17;156281.21;3151436.61;A;196261.1;717538.37;7299518.31;0910;1387989.31;682752.19
;8496997.65;152846.66;POMBAL;9098477.04;3564825.07;A_1015;41793896.7;79516;7157915.2;A;3911389.32;2864805.94;19458176.55;1015;2743376.12;3723747.7
;7694983.58;159046.11;PONTA DELGADA;752725.22;348560.46;A_4203;34015523.36;311053.14;11843870.82;A;2275842.71;3289448.89;23706415.72;4203;3483484.25;3856508.18
;1822518.47;16812.76;PONTA DO SOL;52120.37;344825.87;A_3105;4919249.05;10218.11;1524455.67;A;69911.57;70580.16;3791392.53;3105;573605.79;434200.28
;2769084.56;189287.5;PONTE DA BARCA;95479.29;473691.09;A_1606;12356572.91;112950.18;4038596.57;A;658834.7;956472.58;7903407.7;1606;2079400.05;982776.39
;7269518.08;119260.47;PONTE DE LIMA;265014.2;240416.33;A_1607;23848680.42;6477.93;7775535.4;A;2086814.16;1070389.98;18546630.1;1607;1520155.18;3495098.69
;3942844.85;284163.73;PONTE DE SOR;1259790.39;1114140.28;A_1213;16834109.38;3216.25;4731167.18;A;2272443.86;149110.99;11170347.85;1213;584112.28;2493119.57
;4201909.23;239949;PORTALEGRE;107623.37;342255.98;A_1214;17113501.72;281544.17;6107774.38;A;686277.76;1123881.56;10884258.65;1214;3729255.4;293030.87
;2732243.9;10853.75;PORTEL;95461.41;107087.8;A_0709;8479164.23;39244.49;3561274.48;A;107629.35;433950.41;7385607.88;0709;338573.63;1052845.01
;6451206.3;281287.4;PORTIMÃO;5251.83;811279.96;A_0811;44867790.18;4399457.19;14009673.3;A;1437519.98;1118065.52;33858760.15;0811;7355625.34;8998423.36
;46679683.3;2846411.87;PORTO;610607.55;4495652.53;A_1312;154654855.14;2722486.21;56303553.2;A;2430719.58;2749148.89;120928827.2;1312;20593487.52;15223104.49
;6036860.3;271119.57;PORTO DE MÓS;589678.91;1267646.79;A_1016;15574807.45;34459.42;4610720.29;A;658665.57;362019.16;11555650.75;1016;870026.7;873610.74
;1334882.03;0;PORTO MONIZ;53394.14;195735.03;A_3106;3800324.55;50940.98;1255543.2;A;150425.84;2788.92;3066998.92;3106;330981.7;425632.71
;893387.33;5164.75;PORTO SANTO;1767.42;0;A_3201;3699142.65;55067.84;2122847.69;A;11948.48;0;3287860.55;3201;392401.45;216557.69
;3830473.67;76000;PÓVOA DE LANHOSO;98896.29;721517.82;A_0309;13572210.77;201634.15;3994259.27;A;696383.12;509298.18;9361230.58;0309;2108884.78;1334863.49
;13382694.4;659184.16;PÓVOA DE VARZIM;279702.57;1681679.84;A_1313;40017777.28;254142.52;12147203.01;A;1050052.61;4619969.09;27961839.9;1313;3765349.11;2177799.97
;480870.11;54.19;POVOAÇÃO;174296.57;16388.27;A_4204;6767580.27;48754.33;2753578.85;A;1246912.56;134166.16;3441459.97;4204;1754302.55;158256.68
;1331562.21;349608.17;PRAIA DA VITÓRIA;1699.15;255106.31;A_4302;11004323.75;299073.01;3431653.52;A;432451.93;133950.99;6150692.03;4302;3680815.17;1088403.29
;3101385.11;15657.41;PROENÇA-A-NOVA;347795.51;157918.75;A_0508;9027246.07;18183.02;2671248.78;A;1102197.36;225925.71;6675671.21;0508;502080.12;884854.3
;2318308.97;25422.65;REDONDO;62205.05;458572.34;A_0710;8326809.63;2244.97;4030275.11;A;427246.68;84375.43;7162329.71;0710;106657.77;811500.66
;3899144.28;2504.2;REGUENGOS DE MONSARAZ;173173.84;1605344.6;A_0711;13594287.4;253134.3;4488718.32;A;674970.49;126697.58;10038929.71;0711;972666.98;1397932.81
;2701896.77;0;RESENDE;131195.01;186843.45;A_1813;9733499.56;153195.9;4304553.47;A;425192.59;322841.78;7817510.97;1813;849915.76;657864.83
;1004122.26;0;RIBEIRA BRAVA;0;2033444.91;A_3107;8329661.7;1176059.61;1591993.61;A;401501.34;0;4446623.76;3107;1448091.69;674448.28
;2932552.42;131046.96;RIBEIRA DE PENA;1078409.64;1086934.22;A_1709;13270886.49;120495.24;3454321.05;A;932558.7;478950.75;8722640.11;1709;840346.11;2215271.4
;2809837.58;81794.73;RIBEIRA GRANDE;746360.21;1484077.14;A_4205;16512609.4;188109.6;4885592.83;A;2506708.31;539288.31;8324363.88;4205;2830016.82;440823.87
;4929818.98;11437.4;RIO MAIOR;300694.41;1798872.6;A_1414;19048336.22;192767.29;5496430.37;A;427518.66;1179183.14;12031094.9;1414;3299535.11;1412078.26
;2060619.42;23388.3;SABROSA;181218.21;681034.27;A_1710;7215804.35;20696;2746707.85;A;440568.99;32540.98;5137881.01;1710;719172.59;309857.74
;4397731.65;27325.44;SABUGAL;328858.12;846319.73;A_0911;13212265.17;38814.84;3619839.88;A;593345.95;347884.39;10399712.11;0911;668819.43;2343325.74
;3298353.6;275000;SALVATERRA DE MAGOS;47111.05;701617.85;A_1415;12607065.16;47907.64;3804343.35;A;536929.6;2111149.67;8413835.12;1415;521421.87;1263230.53
;2753510.93;2113.66;SANTA COMBA DÃO;55716.95;224388.33;A_1814;7309316.22;321835.07;2470269.77;A;115659.62;22102.89;5799542.15;1814;1089792.62;253926.38
;13400328.5;0;SANTA CRUZ;1053197.35;4841434.36;A_3108;32234659.05;2952563.53;6514846.65;A;514351.16;198332.6;23204803.84;3108;2422539.74;337065.16
;792821.95;149970.14;SANTA CRUZ DA GRACIOSA;69446.89;1061172.41;A_4401;4483071.13;43649.02;1160977.04;A;258304.05;112224.17;2570688.58;4401;261264.89;573240.57
;522448.49;141261.28;SANTA CRUZ DAS FLORES;10620;41600.2;A_4802;4188648.36;6904.77;1010373.21;A;44898.68;1985968.87;1690562.01;4802;273737.32;150835.54
;17205445.1;717256.37;SANTA MARIA DA FEIRA;3515587.61;1313617.08;A_0109;57422775.55;1433499.17;13831434.41;A;2639073.24;5826325.07;37232663.94;0109;6178252.24;4762285.26
;2345282.7;94981;SANTA MARTA DE PENAGUIÃO;21614.04;189275.04;A_1711;6404621.64;33748.3;2022436.12;A;163761.13;512329.58;4839103.06;1711;583557.79;437635.94
;1559761.92;0;SANTANA;0;817551.08;A_3109;6395436.12;577450.57;1431385.05;A;0;0;4224198.21;3109;1353686.83;655600.67
;12162417.79;127512.59;SANTARÉM;68742.5;1809643.77;A_1416;47226144.64;2860197.7;13938808.69;A;1391459.69;1908963;34995507.23;1416;6924315.86;6034083.05
;8006645.95;0;SANTIAGO DO CACÉM;236087.75;628496.68;A_1509;23247512.02;155877.64;9730390.17;A;544520.11;162153.97;19594694.43;1509;2081559.08;1701780.67
;9461373.23;5069.5;SANTO TIRSO;868742.08;1968020.15;A_1314;33692262.65;266850.52;7960776.45;A;1970450.12;3689216.82;21878976.73;1314;3311787.25;4189976.53
;3427984.7;360774.22;SÃO BRÁS DE ALPORTEL;48045.81;1034586.28;A_0812;10402130.15;16522.94;3865344.8;A;505401.72;83435.92;7947741.25;0812;422144.95;637888.81
;4450419;140629.83;SÃO JOÃO DA MADEIRA;64484.38;342252.64;A_0116;16063848.63;115514.5;4619676.03;A;2811922.93;724832.44;10456804.48;0116;1522921.93;1271194.95
;3765089.75;45000;SÃO JOÃO DA PESQUEIRA;19226.1;553758.72;A_1815;10508336.57;52250.22;1690134.88;A;2249537.26;20536.12;6093526.28;1815;1526752.09;586051.43
;3128630.28;194913.42;SÃO PEDRO DO SUL;110069.86;914126.19;A_1816;16536710.83;285865.37;6319476.81;A;857837.37;1497844.33;10823003.13;1816;2138916.53;1089030.67
;868722.77;55.49;SÃO ROQUE DO PICO;253902.72;53587.02;A_4603;4058980.03;15312.03;1156061.5;A;139383.43;588.98;2662740.2;4603;948722.19;622643.9
;1436052.19;2400;SÃO VICENTE;226689.97;570338.98;A_3110;5314665.18;48311.35;1287078.47;A;598621.71;19812.22;3274602.28;3110;622200.02;503160.27
;1517522.2;183.89;SARDOAL;16401.53;25032.26;A_1417;5745708.59;52090.61;2762363.12;A;256590.7;29925.72;4750965.43;1417;666609.06;418989.5
;2459377.55;0;SÁTÃO;836012.23;638445.27;A_1817;9592014.64;11212.41;2966610.16;A;1024279.08;252983.23;6014122.77;1817;826172.06;576922.65
;7668278.33;51457.44;SEIA;167661.04;246003.96;A_0912;21035263.49;2751125.58;5091082.68;A;909396.2;104146.62;16463651.06;0912;3092947.17;953164.47
;33322493.74;135715.71;SEIXAL;1084531.66;1398960.07;A_1510;108617094.62;3517889.39;32811186.22;A;7155507.93;2379733.28;71400107.06;1510;25062538.91;1748537.71
;3112621.31;0;SERNANCELHE;104770.16;634633.97;A_1818;7267931.5;15643.14;1727674.24;A;829024.94;101370.81;5196207.06;1818;401924.56;340268.37
;3284445.91;78988.01;SERPA;156918.52;203592.89;A_0213;12916616.19;168234.16;5766849.73;A;783257.97;655562.26;10189616.39;0213;848680.15;970086.59
;4568470.32;306;SERTÃ;1127161.08;605414.83;A_0509;12838463.9;108292.76;3768608.9;A;297808.24;103900.32;9581019.82;0509;1122853.61;1135647.84
;10639481.48;74966.94;SESIMBRA;3814793.03;366225.3;A_1511;42964916.35;817913.51;17414284.9;A;2086311.57;689131.48;31117329.92;1511;4816158.11;2245650.03
;21944676.18;148615.43;SETÚBAL;1370151.91;1334974.68;A_1512;65613319.76;1895453.78;24222935.86;A;2470296.14;1824998.98;53589296.88;1512;4874985.74;5526231.06
;1754540.97;66367.21;SEVER DO VOUGA;81374.05;639869.3;A_0117;7315382.33;70968.43;2018710.28;A;417465.49;107920.6;4957220.01;0117;1045165.67;1113000.33
;10394889.82;18391.15;SILVES;1394117.02;404828.39;A_0813;29573983.35;567502.04;11058613.68;A;837994.38;19113.21;23789487.42;0813;3110051.78;1768481.88
;3419306.83;10059.22;SINES;27986.18;1139550.47;A_1513;17321709.33;201429.31;7818280.72;A;405230.42;202718.3;12882703.46;1513;2653461.28;1443686.6
;33719887.57;268810.36;SINTRA;0;1052537.83;A_1111;122911236.4;1553596.75;45871473.7;A;347843.35;2490734.17;105342726.58;1111;13408584.11;24197768.56
;2784877.25;0;SOBRAL DE MONTE AGRAÇO;3234.62;173470.18;A_1112;7255390.5;92487.9;2867820.85;A;212204.2;64803.27;6265848.1;1112;535830.13;520662.1
;3590452.97;44083.13;SOURE;299486.33;1137316.69;A_0615;12683186.96;123934.59;4257423.84;A;509297.51;137820.82;9018701.3;0615;1536481.18;1046889.9
;1427621.76;1595.94;SOUSEL;41399.36;89546.99;A_1215;9355489.98;64113.42;2425904.58;A;683332.79;3302197.15;4690249.45;1215;547168.3;772609.69
;3042654.8;3489.97;TÁBUA;397378.77;385288.52;A_0616;10218850.61;212652.16;3373033.29;A;788778.4;31352.82;7595033.69;0616;1017528.44;966693.44
;2315845.59;1800;TABUAÇO;1105630.26;297356.03;A_1819;7936395.44;168505.21;2143316.58;A;229631.26;260091.39;4907690.36;1819;1134196.14;280022.98
;1955647.92;8226.57;TAROUCA;48882.68;131062.65;A_1820;8821708.88;272427.37;4059843.67;A;452441.32;165656.25;6653951.78;1820;1361487.63;366032.82
;4919586.15;18221.82;TAVIRA;324794.92;297671.43;A_0814;22688161.59;158843.48;8722556.75;A;844431.07;182664.64;16899709.7;0814;4120668.01;3098723.32
;2254288.05;0;TERRAS DE BOURO;235880.91;767531.31;A_0310;9257317.54;26135;3976097.91;A;285224.66;366340.65;7093326.58;0310;509013.43;836805.62
;5261952.4;101073.27;TOMAR;66433.55;611657.88;A_1418;23348650.96;191304.79;8990663.4;A;2892183.7;501975.65;16375638.98;1418;2799687.93;1931718.39
;5085733.85;111261.25;TONDELA;1340127.41;3092118.9;A_1821;21582502.18;68886.36;4665399.56;A;1131362.51;729297.48;12956081.03;1821;2222253.6;3136061.26
;2968819.59;21048.4;TORRE DE MONCORVO;279235.37;478490.4;A_0409;11816528.64;546578.91;2923999.88;A;635900.87;256461.91;7213516.6;0409;2931875.09;774118.22
;7390384.66;55.03;TORRES NOVAS;98612.96;695609.84;A_1419;24441808.33;927590.34;7847634.98;A;884547.41;1266193.8;18111928.41;1419;3384860.88;1946318.43
;12188167.11;626716.81;TORRES VEDRAS;3333.71;79290.26;A_1113;41464071.74;435136.1;11593070.59;A;2409119.85;393958.23;32484095.01;1113;5467557.87;8267721.21
;2150295.28;0;TRANCOSO;261985.98;809195.17;A_0913;10253223.24;447862.65;2719057.92;A;623311.59;328715.99;6996569.08;0913;1233445.43;1679353.23
;5218707.75;218003.64;TROFA;1026415.55;1261537.75;A_1318;31049724.85;2883517.42;5946648.26;A;1508311.89;1179790.51;23142022.18;1318;2714093.33;9093148.75
;3308621.51;185000;VAGOS;45506.06;343824.68;A_0118;12942283.1;335281.2;3375088.07;A;702066.4;1307905.47;8219507.8;0118;2138472.69;1200517.02
;3388409.55;405789.26;VALE DE CAMBRA;58180.79;1114216.34;A_0119;14812175.86;201203.23;4025192.48;A;566344.33;1061726.59;9135936.89;0119;2469981.66;1521131.63
;3979781.27;38906.65;VALENÇA;8972.48;742549.29;A_1608;14875136.15;111445.35;5142254.35;A;599087.27;2351015.1;10523313.72;1608;611291.64;1289832.75
;9719655.48;266665.26;VALONGO;0;828948.68;A_1315;30705937.35;761753.2;11335793.3;A;298786.33;532784.58;24508396.35;1315;4270356.15;2691194.37
;4424292.18;154519.78;VALPAÇOS;360484.76;1516154.96;A_1712;15076407.25;452431.46;4190389.73;A;1064070.28;378550.69;10120741.57;1712;1481885.21;1053628.2
;1132908.19;0;VELAS;402924.8;88356.51;A_4502;4439283.77;9331.03;1581875.25;A;52918.6;307020.08;3012136.1;4502;575927.68;288021.63
;2019320.41;2000;VENDAS NOVAS;13322.95;84362.23;A_0712;8008596.05;278339.44;3738314.43;A;391339.45;57464.09;6504776.83;0712;955330.5;468802.55
;1873869.16;0;VIANA DO ALENTEJO;84069.22;180452.81;A_0713;5972454.49;12580.56;2315954.39;A;232359.29;156571.1;4843589.95;0713;475412.12;641185.84
;9588171.89;1384002.33;VIANA DO CASTELO;102217.34;1013010.92;A_1609;48617065.78;323316.13;15793296.69;A;3005724.14;2911139.59;29603357.29;1609;10597614.17;3898572.58
;1363918.85;0;VIDIGUEIRA;36646.2;2165.69;A_0214;7384567.6;38446.27;3273764.61;A;349074.04;897080.94;5144120.6;0214;955480.13;467990.87
;3223250.4;39076.74;VIEIRA DO MINHO;0;724204.23;A_0311;13189808.26;242904.8;2860121.45;A;387643.96;2425857.08;7650999.29;0311;1962026.96;1324722.64
;1422568.08;1088.62;VILA DE REI;145275.96;42113.81;A_0510;4710061.9;33329.74;1995522.99;A;378160.5;70237.22;3796367.72;0510;276818.07;344946.91
;3943070.18;551914.61;VILA DO BISPO;193782.81;56208.19;A_0815;12170825.22;322042.91;3785317.19;A;580512.25;1436607.49;9073329.28;0815;278470.59;1022899
;12066646.79;305138.68;VILA DO CONDE;88451.72;1478827.75;A_1316;42721431.47;2232814.21;15614975.78;A;279499.07;2394488.83;33248690.61;1316;4926334.81;3334253.83
;1345621.03;46250;VILA DO PORTO;49978.69;979314.77;A_4101;5585593.79;5944.26;1782400.93;A;396336.44;20019.13;3520475.33;4101;573219.43;386509.11
;2349374.85;4194.39;VILA FLOR;122595.45;285021.01;A_0410;7610318.16;18378.39;2727219.19;A;153827.8;315062.15;6276552.1;0410;453065.26;1181579.67
;18433819.68;180070.72;VILA FRANCA DE XIRA;720307.02;1482216.81;A_1114;59116730.66;262574.43;16306625.41;A;9150551.59;2206597.64;41875875.22;1114;3501111.66;6872855.7
;1559461.44;196500;VILA FRANCA DO CAMPO;263381.94;480854.26;A_4206;9052674.4;1087295.68;2433199.49;A;507073.43;368611.99;5900933.91;4206;1335318.87;820977.3
;2150349.99;4110;VILA NOVA DA BARQUINHA;10751.56;51586.16;A_1420;7937937.65;80439.8;2964764.44;A;534011.19;811609.31;5578622.23;1420;947247.2;383068
;3125250.13;66542.62;VILA NOVA DE CERVEIRA;558365.86;431234.78;A_1610;11154782.73;72572.19;3708671.48;A;722847.59;437391.53;7536070.71;1610;1402329.64;629576.91
;23005147.29;328431.96;VILA NOVA DE FAMALICÃO;1559205.53;6532780.73;A_0312;68684935;472774.87;18039739.09;A;623212.34;2661956.13;45319359.3;0312;11659989.01;3801698.05
;3641793.31;0;VILA NOVA DE FOZ CÔA;43981.08;930942.06;A_0914;10366530.98;80268.68;2824622.03;A;249781.07;428728.48;8144730.6;0914;568367.69;1598046.58
;33891438.07;2098160.09;VILA NOVA DE GAIA;8641.65;4454836.75;A_1317;130861595.6;4394450.05;34354473.74;A;3385498.74;6588736.06;82842120.25;1317;31483602.06;10201758.39
;1649388.66;40390.32;VILA NOVA DE PAIVA;166051.14;506608.51;A_1822;6170741.77;73852.24;2274145.57;A;180004.01;309565.77;4313896.19;1822;654225.83;316509.72
;1695492.29;138650.25;VILA NOVA DE POIARES;12543.5;61796.16;A_0617;6705962.01;858963.34;2298024.45;A;55607.13;97945.36;5109419.62;0617;1229999.99;256939.54
;4780958.52;423736.86;VILA POUCA DE AGUIAR;963648.25;914910.73;A_1713;22134564.5;93118.64;4599417.8;A;5283664.4;2194786.68;11646689.84;1713;707127.74;2173194.88
;6672377.42;658417.98;VILA REAL;0;1149379.78;A_1714;25396814.65;146396.92;7106534.88;A;1717832.81;679843.41;17673700.58;1714;3517640.09;3748391.36
;22545788.73;1974614.33;VILA REAL DE SANTO ANTÓNIO;1929189.34;4954655.15;A_0816;77468550.94;3478128.98;7626750.07;A;3225178.07;4535606.44;48523302.6;0816;12326005.01;14872634.82
;1646685.77;84250;VILA VELHA DE RÓDÃO;143339.65;415245.53;A_0511;6698223.46;6633.73;2482743.19;A;634606.06;277182.13;4787139.21;0511;356460.88;651076.52
;8625720.08;52750;VILA VERDE;375159.8;330713.28;A_0313;26653138;588520.56;7470339.3;A;617823.04;3054600.97;19007060.05;0313;3215030.86;2322480.11
;1946797.85;0;VILA VIÇOSA;55527.83;135963.41;A_0714;7124386.88;190208.71;2865072.16;A;336743.07;192249.4;5571151.64;0714;832751.53;569072.92
;2896926.76;15000;VIMIOSO;2632.2;163769.01;A_0411;8347942.02;35536.67;2493172.75;A;1657706.34;22601.67;5977068.26;0411;509164.54;551432.08
;3335739.54;54630.98;VINHAIS;340960.95;477842.45;A_0412;11189934.75;38491.86;3400651.63;A;583723;137663.33;8344904.19;0412;1250209.85;1570021.16
;12381933.24;613828.38;VISEU;18582.32;446785.28;A_1823;42452176.01;251696.63;12022679.17;A;1206707.18;1713010.7;31840114.34;1823;6613147.81;7183805.3
;2781924.53;50000;VIZELA;200694.51;3413384.7;A_0314;23347965.93;436196.09;4415154.45;A;747889.46;7120958;10363187.99;0314;1451851.27;2729912.92
;1934636.31;1568.24;VOUZELA;3195.19;242026.99;A_1824;8700987.62;89345.97;2458339.12;A;1278368.79;231023.31;5380440.05;1824;1564365.05;898118.65
