codigoine;despesacorrente;despesacompessoal;despesaaquisicaobens;jurosencargos;transferenciascorrentes;terrenoshabitacoes;edificios;infraestruturasbasicas;acessibilidades;outrosinvestimentosbensdecapital;transferenciasoutrasdespesascapital;receitastotais;transferenciasorcamentoestado;financiamentouniaoeuropeia;impostosmunicipais;imi;imt;iuc;derramairc;taxasmultasoutrosimpostos;vendabensservicos;outrasreceitas;despesatotal
1401;16442494.47;7060234.33;5516997.54;133571.48;3731691.12;332.1;1694694.54;975458.75;1790604.08;635371.29;2239398.51;5551328.25;2697351;80219.97;675191.48;70321.9;280692.96;194859.79;57445.2;71871.63;1680673.01;417892.79;23778353.74
101;16620453.87;7426086.26;6513734.94;80704.3;2599928.37;134657.29;2380630.2;205637.3;2068009.11;1983587.56;2470070.39;4770559.97;1980895;487498.18;848129.16;180002.21;154548.04;283519.1;132803.45;97256.36;786489.3;667548.33;25863045.72
901;4602606.6;1975710.4;2086591.12;25487.32;514817.76;15000;405663.81;510357.07;2117687.59;374660.84;500699.08;1515900.5;1169672;120731.05;30062.75;1766.07;2453.53;11514.46;0;14328.69;176495.97;18938.73;8526674.99
701;6792166.61;3359984.45;2045775.17;617333.11;769073.88;3154.68;300452.93;124074;466153.22;298787.58;979036.18;1907161.22;1234376;60365.42;61497.72;5523;25545.5;23750.94;2767.35;3910.93;331320.41;219601.67;8963825.2
102;9625885.67;4105708.65;4544267.8;56230.11;919679.11;440160.42;189728.39;32895.59;1145638.33;1354135.16;1014378.65;3758277.41;1358982;0;621419.55;67481.48;130293.32;151204.75;224071.36;48368.64;1556063.66;221812.2;13802822.21
801;56721838.69;20124777.6;28316960.8;5103990.94;3176109.35;251109.3;357843.66;347694.33;439738.4;559808.07;19156050.87;12493406.86;1230462;11450.29;4768879.05;1422873.34;2104585.12;342044.74;97305.1;802070.75;5228802.33;1253813.19;77834083.32
1501;13404309.88;6750716.58;5306057.75;24941.4;1322594.15;23975.05;52818.79;87150.31;757483.57;602077.69;425838.27;4093057.11;2216214;262551.69;1080426.97;584349.91;327084.79;62290.88;22224.09;84477.3;414994.18;118870.27;15353653.56
1402;7702207.22;3021362.75;3306450.37;359392.14;1015001.96;0;44401.1;40445.59;144611.43;775985.04;2244089.94;2194867.19;1134177;9710.27;384164.68;113064.52;58286.22;81360.49;57819.47;73633.98;330339.41;336475.83;10951740.32
1001;21475657.24;6922115.53;11338675.46;439681.58;2775184.67;3757.45;145500.17;16545.9;601405.45;1347591.85;3221330.02;5901569.82;2589267;256379.52;1361860.56;326099.39;433101.34;362740.05;69350.41;170569.37;1023237.53;670825.21;26811788.08
1502;10570846.43;6529833.81;3256986.85;91043.95;692981.82;10000;122647.58;34656.93;223454.48;250322.95;748468.66;2209171.15;612055;167004.17;600827.75;99311.7;168190.12;113098.19;20780.89;199446.85;459094.5;370189.73;11960397.03
802;5234589.55;2817384.68;2006897.96;12224.64;398082.27;331887.36;1406.97;134539.9;137896.25;2510771.13;860877.44;1657379.69;1401450;27363.6;36278.21;6775.42;14190.11;11696.84;0;3615.84;82637.21;109650.67;9211968.6
1101;18103100.62;9467762.57;6615718.17;239288.63;1780331.25;153607;2512262.9;8425.5;2644131.51;193810.55;1474367.24;4586103.51;1543293;330979.13;968197.04;239202.64;257577.43;248387.42;0;223029.55;527318.92;1216315.42;25089705.32
401;6665991.17;2855129.3;1874043.04;1189229.74;747589.09;0;297420.67;56925.84;259642.5;645850.16;1093843.72;2133970.17;1299918;28593.37;99964.99;8470.63;10153.09;16433.21;618.21;64289.85;145353.38;560140.43;9019674.06
1701;10064225.72;2845553.15;5688593.17;837574.48;692504.92;58549.62;126941.9;214411.78;1493816.66;554536.44;9063218.82;4781239.72;1449513;16820.72;182254.77;20123.36;61743.12;48439.56;22623.44;29325.29;395864.7;2736786.53;21575700.94
803;7480937.47;3185302.6;3058777.56;51663.28;1185194.03;139704.12;84706.93;51976.92;194335.46;460894.8;689944.18;1853639.31;1039374;9513.62;419460.65;53105.81;293954.62;36861.05;0;35539.17;331787.48;53503.56;9102499.88
201;7270012.05;3535352.5;2479972.9;168712.72;1085973.93;0;243389.76;425110.55;326569.68;1172187.35;1176027.55;2286172.72;1328583;203636.72;129047.82;18200.5;22155.12;47539.07;2414.58;38738.55;343941.44;280963.74;10613296.94
1503;57563370.31;28169769.88;21682918.29;429353.28;7281328.86;477745.37;754431.9;1537020.32;1586245.22;5544008.08;5905102.58;12354971.22;3932235;573957.93;4415028.18;1110383.29;1307503.8;955846.27;396907.55;644387.27;1610269.39;1823480.72;73367923.78
902;6643198.18;3063712.85;2511747.05;161559.97;906178.31;16057;596583.19;119556.79;651704.54;450551.66;821264.93;2707281.18;1712190;296550.62;164795.92;8657.53;4530.25;32129.08;0;119479.06;436818.62;96926.02;9298916.29
1403;10647321.28;4579593.97;4476694.35;117548.11;1473484.85;422827.87;422097.68;12945.48;284404.21;574847.15;709524.77;2604689.55;1298712;114874.81;298761.16;98711.81;0;121588.25;26266.34;52194.76;447889.65;444451.93;13073968.44
202;7965026.2;3892694.55;2599302.6;39438.18;1433590.87;9250.52;752150.08;119439.87;662985.9;544724.42;1006771.87;2539303.49;1911561;7390.68;164227.2;7707.67;60587.09;38104.23;2030.01;55798.2;189013.41;267111.2;11060348.86
1404;4733369.57;2701803.17;1263574.37;266817.5;501174.53;0;17355.08;134.58;11552.26;95841.14;1013492.08;1249138.36;747570;0;119359.77;28607.34;23833.45;27937.42;10601.15;28380.41;170677.57;211531.02;5871744.71
1201;4855052.67;2645501.77;1642185.08;24084.54;543281.28;20975.07;34149.65;72779.69;308178.95;436184.16;491952.81;1534933.72;955755;128830.23;63936.37;10224.54;30748.43;15578.07;244.35;7140.98;176906.3;209505.82;6219273
1002;4183438.06;1541058.9;2156844.48;101311.38;384223.3;0;641757.85;2124.57;662023.17;1402841.75;861298.75;1931698.04;1026258;220463.72;85494.45;18473.49;10093.16;38854.32;0;18073.48;523180.64;76301.23;7753484.15
203;3484116.05;1987521.42;940173.13;4622.46;551799.04;31;23059.06;90098.81;160981.37;177482.34;166593.12;1081338.71;744015;1982.74;73251.98;5051.48;49829.29;11198.8;0;7172.41;127660.1;134428.89;4102361.75
1115;63275561.28;26644144.72;27494953.44;359447.88;8777015.24;1352068.27;1133606.43;974635.42;269801.21;2550751.73;5062977.94;15752520.14;6370333;16009.39;3186325.18;514514.37;1402452.24;857354.56;0;412004.01;2881095.19;3298757.38;74619402.28
1301;21433950.6;8893364.98;9374643.53;207653.22;2958288.87;332377.05;2314241.84;32416.73;1486983.09;268363.98;4244722.1;8033387.94;3345900;2062797.7;836818.67;168758.57;134220.53;282332.19;0;251507.38;1218164.14;569707.43;30113055.39
301;8018556.08;3781988.87;2892501.51;136953.62;1207112.08;16543.75;443272.48;442447.54;154666.38;289498.31;2231713.93;2438261.06;1294794;72391.83;295155.31;84996.03;57202.16;100580.17;0;52376.95;294988.03;480931.89;11596698.47
103;10629165.37;4176281.1;5405539.88;172584.01;874760.38;26678.8;1505667.81;2293497.22;1004713.66;534386.23;1312218.09;6254960.9;1952256;2763458.15;478260.4;100436.82;146894.45;175331.03;24407.08;31191.02;616361.88;444624.47;17306327.18
4301;9817100.23;4856586.34;2760482.3;131359.43;2068672.16;646699.39;1377230.06;252470.22;2318463.57;927926.67;2904919.7;3228707.34;2452801;3697.5;389520.21;58472.89;0;202249.06;0;128798.26;155116.94;227571.69;18244809.84
1003;6273134.4;2242388.88;3198929.49;278666.9;553149.13;41300.33;366693.31;148964.51;909981.42;421184.9;1770589.55;1987675.89;1190826;10327.35;294186.89;56465.34;37906.13;69537.42;24293.2;105984.8;404410.41;87925.24;9931848.42
1601;11990402.47;4898259.31;5948297.74;50386.63;1093458.79;334302.21;1978293.83;801898.88;1508169.53;1614203.17;2574495.84;4560090.76;2519634;311877.91;333838.05;37190.08;103289.49;116949.4;0;76409.08;932688.73;462052.07;20801765.93
601;7744409.68;3346504.89;3275958.46;107397.75;1014548.58;72500;29210.7;244508.25;811278.99;389577.31;1677385.05;2371495.93;1461375;18986.32;216255.92;46600.47;15700.15;58620.74;0;95334.56;562645.39;112233.3;10968869.98
1801;6035866.24;2911885.53;2331564.38;269723.67;522692.66;74950;424652.18;11225.26;2264534.42;299193.97;1102287.37;2577605.19;1062798;97983;159936.92;35926.28;25902.97;11451.52;2693.68;83962.47;632618.03;624269.24;10212709.44
104;10337604.86;3584395.92;5282064.32;83987.47;1387157.15;45997.56;740043.12;208422.81;930451.36;1398249.07;1628386.37;3249196.51;1959855;128836.19;281638.36;52303.8;86414.67;99942.99;9548.72;33428.18;586651.08;292215.88;15289155.15
702;6024507.74;2868552.1;2204190.65;52584.04;899180.95;59191.03;59079.67;2263867.52;3231.41;427044.29;1131241.74;2352622.82;1452195;375711.02;116126.66;10167.86;64242.83;32588.99;3128.57;5998.41;276494.84;132095.3;9968163.4
1202;3548675.01;1790709.8;1318382.22;11996.93;427586.06;108291.96;684679.06;7091.87;51802.23;413437.57;336084.41;1286544.15;909726;0;43198.84;2939.7;25541.39;11330.85;0;3386.9;139876.41;193742.9;5150062.11
1102;7792893.71;3742303.14;3428933.97;113117.24;508539.36;411.72;225204.33;145065.37;205453.78;208078.45;1039289.43;2149454.38;820921;0;307900.57;55561.78;59504.7;88741.84;24288.34;79803.91;682833.86;337798.95;9616396.79
105;27009583.36;11709864.97;7316424.4;1781214.25;6202079.74;3126941.29;615625.56;87685.86;288383.23;1514716.6;12188389.83;6312097.22;2000085;469907.89;2767783.82;354783.78;846555.51;528357.25;44416.43;993670.85;759403.14;314917.37;44831325.73
1203;5765395.12;3296321.57;1895086.67;106610.45;467376.43;18010.92;66605.56;41242.98;171300.58;510819.17;664643.93;1818418.37;1263153;121220.35;121980.61;4250.27;81282.84;22096.29;1419.83;12931.38;215769.58;96294.83;7238018.26
1103;10053526.41;5520910.62;3078439.8;248228.98;1205947.01;126748;32990.65;36949.05;119302.2;131628.43;2167559.26;3143979.48;1193215;0;1008704.76;140122.03;94634.57;300307.07;217970.25;255670.84;558284.04;383775.68;12668704
1302;10076866.37;4825772.01;4195329.58;56619.17;999145.61;32327.05;1404176.44;219840.84;757648.8;566697.16;1411017.45;3006640.42;1783683;157204.37;250278.39;20688;31515.83;82303.26;0;115771.3;366380.84;449093.82;14468574.11
302;34079604.42;14458008.54;14665791.22;298073.23;4657731.43;175493.1;1309754.21;118316.4;3999755.68;1177542.18;17719489.1;10943311.83;5631744;172204.33;2216039.72;366861.28;593999.13;687439.09;60949.2;506791.02;887426.5;2035897.28;58579955.09
204;3016442.5;1827295.2;451194.45;31126.94;706825.91;4761.77;7993.28;0;49515.01;111685.42;449136.04;880978.04;745599;5034.97;17317.84;378.37;6653.84;6327.95;0;3957.68;57997.39;55028.84;3639534.02
1504;32310054.36;14642959.55;13125303.09;531848.12;4009943.6;38430.75;205366.61;767056.87;467252.26;3004173.59;3924337.99;7109874.74;2290368;326002.49;2344658.79;439420.54;279969.04;394296.63;43307.2;1187665.38;1841354.22;307491.24;40716672.43
1004;7096361.59;1839443.67;4259777.99;21384.22;975755.71;0;195606.01;64198.15;662914.72;214358.08;635508.16;1878272.23;934650;22278.44;433922.93;88731.67;98869.55;102525.68;27191.88;116604.15;210191.44;277229.42;8868946.71
205;17594020.29;8266043.47;6393796.82;182387;2751793;615.89;771776.13;318277.76;902057.95;452889.75;2188105.93;4510497.13;2508603;102541.92;721285.19;119134.99;331142.01;202994.19;8976.95;59037.05;945332.2;232734.82;22227743.7
501;4421248.49;1148519.92;2714326.04;60017.85;498384.68;75370.14;52628.1;13342.01;598952.99;289722.45;650875.14;1294593.01;910674;92223.23;85190.5;19564.93;26810.34;32381.54;0;6433.69;169900.1;36605.18;6102139.32
1405;12801614.76;5723697.55;4746841.69;12610.21;2318465.31;18533.93;1075851.11;74521.5;186643.81;608101.74;834984.93;3268004.73;1029111;284204.9;1124398.39;483088.61;388158.61;175208.52;25093.93;52848.72;366337.02;463953.42;15600251.78
1005;7186454.86;3246883.19;3357372.92;171289.28;410909.47;0;993274.5;232035.83;33549.47;100803.33;1003314.47;2408126.34;817621;369681.59;350276.19;60132.08;76688.38;81793.47;4240.97;127421.29;406865.79;463681.77;9549432.46
703;5636301.54;3098893.67;1977436.94;281768.66;278202.27;0;29278.51;36270.66;26996.96;572604.87;1190827.93;1730596.72;853179;211511.34;100454.6;17679.44;24193.31;37941.35;4289.32;16351.18;240670.88;324780.9;7492280.47
1702;5585032.97;2337730.58;2468200.53;20787.51;758314.35;37545;0;254899.23;521273.34;1081098.87;770123.73;2021508.13;1306452;69188.86;90439.25;8215.96;10611.78;29650.73;0;41960.78;328144.48;227283.54;8249973.14
303;57859212.53;24503119.6;17076189.22;470493.51;15809410.2;0;7913531.99;14839.87;2626715.11;2307869.25;16414702.35;21329791.86;4803786;4659825.09;3856042.27;745621.08;969136.91;1117372.47;318733;705178.81;1019054.44;6991084.06;87136871.1
402;19894200.91;6713685.98;11475937.31;162051.16;1542526.46;129390.19;775185.58;388417.72;1344036.75;425902.02;3104820.69;6504285.1;3289638;347758.92;709283.33;122611.95;68342.59;195191.8;0;323136.99;2034985.15;122619.7;26061953.86
304;8789942.19;5123606.17;3251168.03;153402.66;261765.33;195396.56;317544.03;425578.72;1109484.69;739354.89;1391278.7;3099009.21;1592142;358575.32;378977.27;35658.35;114205.19;84055.7;0;145058.03;254108.25;515206.37;12968579.78
1104;8300526.65;3692212.53;4014163.05;46408.71;547742.36;2000;626768.27;30641.83;494182.81;222793.59;362987.57;2079175.4;1100676;54132.68;255991.2;57538.82;83622.99;75300.24;0;39529.15;514839.22;153536.3;10039900.72
1006;15791515.63;5264488.78;7614773.35;70677.69;2841575.81;2625000;822371.46;30053.39;2724973.96;3224459.33;1661448.81;3902986.71;1508355;304370.63;1282786.42;207288.63;588906.79;327990.66;49.98;158550.36;591703.6;215771.06;26879822.58
3101;6170218.42;2401382.64;3102502.7;138089.11;528243.97;88105.78;68230.5;57203.95;1088381.78;319990.13;1290799.79;2113275.46;1485357;45624.6;161560.86;25401.72;45201.21;58471.31;0;32486.62;246349.25;174383.75;9082930.35
4501;2527505.76;1693438.29;599396.16;139588.08;95083.23;0;0;60182.91;903689.49;60801.54;975642.27;980402.87;821532;0;53690.78;12710.83;14006.83;20739.33;1252.57;4981.22;104637.05;543.04;4527821.97
3102;7262508.29;3813041.74;1947759.39;182854.54;1318852.62;155850.93;68171.25;551887.15;2495280.69;1412293.68;1685314.52;4391708.78;1619442;2165965.25;439709.44;207396.9;62897.55;127569.69;0;41845.3;125365.66;41226.43;13631306.51
1602;13473934.5;5352178.9;7057772.17;136858.31;927125.12;0;159438.55;1237237.61;636911.43;438862.46;1112173.59;3509766.84;1421973;32100.75;416326.52;85461.45;153963.47;115350.23;12822.54;48728.83;1357494.91;281871.66;17058558.14
1204;7096901.24;3295698.47;2744406.22;125964.14;930832.41;949461.49;3665207.25;17569.98;530100.58;302295.21;148024.9;3248058.92;1024716;1373747.56;236659.24;18812.44;58573.64;50606.23;0;108666.93;415311.47;197624.65;12709560.65
602;12033003.71;4888801.73;4352418.75;333609.33;2458173.9;264602.54;1156273.31;9971.11;664840.12;755521.92;4347029.96;4001227.79;2137338;1609.8;1083835.8;133102.84;159670.43;218073.84;457461.21;115527.48;545897.53;232546.66;19231242.67
403;5136530.82;2523405.81;1407768.25;26094.26;1179262.5;32960.69;48566.22;11781.47;240394.19;687904.54;1042326.77;1779153.58;1392756;29201.15;78796.98;7445.18;33716.22;25994.55;0;11641.03;217391.94;61007.51;7200464.7
1802;4669392.11;2063220.89;1887719.9;36066.62;682384.7;28867.56;22193.37;38285.61;317897.16;150278.89;547658.51;1398767.8;930183;36535.11;234635.28;17587.46;45859.32;51334.53;0;119853.97;93020.78;104393.63;5774573.21
1406;16194205.67;6144150.9;6849659.08;509547.81;2690847.88;104583.66;1682679.33;304489.36;763364.72;2855743.56;3915687.87;3308383.64;1065678;897457.43;390788.44;87513.74;55648.36;83318.64;80588.72;83718.98;316760.33;637699.44;25820754.17
1105;113427626.6;32494974.4;63928827.2;1263474.09;15740350.93;1661849.23;2323365.76;454900.05;5850076.43;3129478.88;16613422.18;34489826.62;3261120;86779.88;17634166.35;2591628.64;8026120.04;1686304.65;0;5330113.02;2460445.44;11047314.95;143460719.2
1007;3054689.19;1371008.87;960946.66;380649.08;342084.58;0;41509.21;4318.93;31704.53;66128.33;1456252.68;1014689;707019;15945.51;127265.68;18407.26;48790.47;14579.1;792.1;44696.75;133987.82;30470.99;4654602.87
502;18116198.26;7049080.13;7773452.81;109795.7;3183869.62;1105365.5;4041644.6;317734.17;2231910.49;1634546.87;7171066.75;9342638.79;3818385;1593144.73;965853.51;146676.08;387930.68;287895.91;0;143350.84;1244312.75;1720942.8;34618466.64
106;7395932.21;3081419.66;3110088.35;326140.53;878283.67;85805.5;76788.99;78369.86;275235.85;312591.56;1282746.67;2171599.5;1313700;0;143615.86;29393.84;9602.57;69199.82;0;35419.63;307268.89;407014.75;9507470.64
1205;4157881.96;2381946.63;1412333.95;4460.2;359141.18;21108.19;995397.55;30116.62;304188.58;207745.74;198713.95;1345429.15;913116;69555.81;38377.09;7355.48;4512.1;15090.86;1327.67;10090.98;208375.6;116004.65;5915152.59
1803;10206070.68;3880874.54;4888873.25;24262.36;1412060.53;39174.36;148695.15;192326.4;2218327.25;557189.13;637032.1;3727044.99;1846860;242883.67;251434.96;110509.71;25538.58;76211.57;0;39175.1;513481.2;872385.16;13998815.07
804;8800499.61;2619290.92;5192742.09;88128.82;900337.78;568835.22;8546.13;171597.2;1564767.76;446994.8;583943.45;1877248.95;807426;107796.49;303370;63446.02;139258.01;41663.32;0;59002.65;585762.53;72893.93;12145184.17
206;7720736.99;3641934.06;2648863.23;43049.18;1386890.52;7309.09;184302;176750.67;167488.34;1144080.12;1442064.39;2145233.36;1320847;0;247570.84;13842.3;20726.64;41114.77;164413.9;7473.23;385994.4;190821.12;10842731.6
903;6272466.93;3210367.22;2263209.21;278117.37;520773.13;5000;204129.23;919.03;1036394.52;304343.48;1395732.46;1931170.99;1297791;87254.67;194856.18;19800.96;21330.89;37458.47;2093.77;114172.09;183291.75;167977.39;9218985.65
305;10008328.04;4666070.6;4025419.8;516675.38;800162.26;111191.17;57184.8;0;284713.82;719673.62;2097129.79;2942500.53;1758166.74;232910.29;230604.21;43686.32;42661.66;88464.49;0;55791.74;504437.73;216381.56;13278221.24
1407;6128296.7;3100977.85;2139049.69;82706.11;805563.05;1980;55895.11;199959.7;552406.36;160983.59;1375556.49;2128595.51;1638066;28638.53;96159.63;27070.45;10594.41;42998.96;10299.11;5196.7;181845.4;183885.95;8475077.95
1703;32288867.31;9150227.19;19505143.96;1813530.37;1819965.79;1772.17;3768865.49;507662.31;3281864.5;7201965.02;4810257.62;8496338.25;3141216;2005336.65;415895.45;108681.23;0;231162.05;0;76052.17;1794345.97;1139544.18;51861254.42
1804;10127399.57;3831693.82;4151686.15;18999.37;2125020.23;85803.6;510629.81;387959.07;1139916.47;931535.35;1113162.89;3188927.01;1843857;0;207533.35;18327.9;39318.14;84794.07;0;65093.24;90377.01;1047159.65;14296406.76
603;59937750.13;26111048.55;19851751.73;881409.39;13093540.46;889907.36;1482805.63;126802.06;1189706.48;2121439.87;5424929.44;14478013.56;4020111;422654.4;6261766.44;930795;3494298.75;899222.45;107695.62;829754.62;1129118.97;2644362.75;71173340.97
604;8294068.4;3463391.73;4102373.89;43984.17;684318.61;0;68995.94;210094.24;350351.35;915946.7;1124487.29;2315213.96;984099;29935.65;215579.62;63334.55;0;89447.58;0;62797.49;815712.56;269887.13;10963943.92
1408;4141682.65;2110977.82;1650109.77;61468.72;319126.34;21930.41;181306.46;31361.37;15271.9;67426.23;748032.25;1078705.7;718526;2414.69;42287.22;9789.06;5007.9;20450.39;940.51;6099.36;149112.36;166365.43;5207011.27
1409;11135215.62;5764203.32;3736447.9;69027.71;1565536.69;105171.44;370950.1;20594.31;1914943.28;2084178.07;790628.32;3967198.29;2384463;342522;413862.14;51462.23;237560.41;91574.88;0;33264.62;475895.15;350456;16421681.14
4901;836556.53;493275.5;325368.17;6199.11;11713.75;32167.34;1180;102427.41;8971.24;665523.33;129619.64;586608.05;352221;7506.93;3716.86;551.31;154.06;2900.51;0;110.98;2727.88;220435.38;1776445.49
503;14216571.41;5923417.16;5536328.09;557801.92;2199024.24;495275.6;712221.49;73109.86;2070541.24;1351949.91;5532734.77;4737213;2928477;75048.29;778675.66;191480.74;105760.62;247564;63069.13;170801.17;749774.41;205237.64;24452404.28
1206;5124600.18;2259843.54;2309470.33;44286.74;510999.57;13225.13;138840.25;175273.47;212686.2;397256.48;943869.05;1484231.59;1127217;1363.17;35459.29;8124;8024.71;13942.29;0;5368.29;141115.69;179076.44;7005750.76
207;3888611.7;2085792.89;1244311.7;23584.05;534923.06;475;12850.53;175978.07;173033.39;101461.93;600564.83;1071501.07;758073;0;67648.39;8097.07;5014.34;21123.53;2495.88;30917.57;172207.65;73572.03;4952975.45
1207;18828305.32;4743448.49;7612713.76;10372.41;6461770.66;558364.8;499271.15;12640.53;1676592.49;1013392.77;240979.81;4186674.51;1895916;67985.96;615537.71;128883.01;315508.99;116095.59;22242.59;32807.53;564463.48;1042771.36;22829546.87
1410;10481882.16;5176435.04;4572739.14;276529.91;456178.07;12712.3;2083944.14;36721.61;90911.26;1930563.76;1061927.4;3124452.04;773898;796762.74;429186.54;156791.45;46157.49;115425.94;13561.91;97249.75;749192.84;375411.92;15698662.63
107;19199169.23;9216737.15;7904394.85;378915.72;1699121.51;55902.31;4078232.81;212051.7;616104.5;3208384.97;3520091.02;6307272.76;1286541;725562.14;1422273.33;123379.07;250800.33;166482.43;64091.92;817519.58;1149769.43;1723126.86;30889936.54
306;11746607.6;4178027.93;4952950.49;62851.8;2552777.38;37500;1488315.43;0;633943.27;259605.42;1827486.81;3309154.79;1508781;20905.14;924380.08;193097.66;314164.08;212607.7;0;204510.64;348794.04;506294.53;15993458.53
108;8820699.93;4382188.7;3347627;101900.16;988984.07;477041.87;357218.35;363500.15;1046442.02;500404.02;1811043.81;2976462.69;1632045;0;712927.27;64151.74;52446.67;154334.84;0;441994.02;381866.44;249623.98;13376350.15
704;9786940.71;3765021.92;4372344.73;233076.85;1416497.21;282343.07;22041.5;111621.46;290611.17;320916.34;804550.46;2834129.15;1645809;0;224386.11;30258.52;50517.21;69138.04;11273.83;63198.51;635931.84;328002.2;11619024.71
705;40914908.63;18166397.8;18597761.74;2545263.41;1605485.68;405431.79;1736598.59;88183.29;1300334.39;590279.52;7478122.69;10135029.84;3211440;11491.95;1984781.41;233816.15;515393.29;335553.68;112964.36;787053.93;1517114.23;3410202.25;52513858.9
307;18405965.32;7576950.39;7151645.5;126691.79;3550677.64;2963420.15;1390021.44;229487.77;1230589.49;1203658.11;3872602.64;8354472.95;2910891;102490.99;857319.33;135105.45;139459.24;281439.94;64783.58;236531.12;1283397.08;3200374.55;29295744.92
805;38684922.86;13714459.13;16345803.41;2012497.69;6612162.63;2092375.44;3771470.32;123365.78;3233192.89;1657155.35;8908052.66;6705465.18;1495413;142576.27;3346916.3;330951.67;1986520.7;611763.02;172470.47;245210.44;746200;974359.61;58470535.3
1303;25435707.16;10463557.15;8594024.81;135216.81;6242908.39;574648.2;1132480.69;1862668.66;885694.28;1213648.19;2419614.86;6912182.47;2559972;703.49;1054435.38;128634.01;254883.14;355291.02;135139.62;180487.59;1725445.42;1571626.18;33524462.04
208;7693860.09;4205202.52;2455504.82;101024.87;932127.88;3832;380827.17;56063.42;350828.09;359842.9;905026.11;2352214.08;1501533;201733.73;153499.43;23505.04;12571.56;42373.72;21972.46;53076.65;335238.23;160209.69;9750279.78
1411;6320972.99;2313721.83;3293661.67;113624.56;599964.93;0;215129.84;0;371273.09;337241.93;691043.07;1757994.07;1119489;0;156165.25;19298.84;47481.24;48602.69;0;40782.48;354483.03;127856.79;7935660.92
605;25479595.95;10139156.89;10318142.27;1826181.44;3196115.35;244006;1348304.09;151143.16;1332886.38;1561897.79;6492905.4;9978146.75;2266635;145497.48;5141896.22;356193.29;2635228.46;388362.64;1403269.82;358842.01;1989199.01;434919.04;36610738.77
904;6265959.29;2455291.01;2718393.39;98628.32;993646.57;21867.53;197683.23;68674.88;2841.3;293814.23;3402344.66;2000706.31;1553718;54305.31;129974.68;8229.29;88901.15;25985.04;2147.07;4712.13;190538.31;72170.01;10253185.12
1008;5208014.16;2803958.77;1813654.23;221387.59;369013.57;1266.27;54098.37;1066.03;79474.16;580866.49;1042610.9;1627072.54;1042611;160214.59;124364.22;13994.47;33484.95;32866.88;0;44017.92;159511.14;140371.59;6967396.38
905;4045675.38;1730586.76;1464867.71;760598.85;89622.06;627.3;7711.05;1599;59921.55;74006.06;1249553.18;1198172.31;957900;0;69396.59;6758.33;12535.73;24443.15;2669.51;22989.87;145753.47;25122.25;5439093.52
404;6941301.01;2918827.34;2694583.41;931263.21;396627.05;114613.78;338703.47;0;142313.98;1000850.67;1162672.74;1660784.75;1022067;239374.33;43600.98;6003.75;15714.29;13776.15;2267.9;5838.89;163158.95;192583.49;9700455.65
1208;3953685.61;1654836.16;1750838.77;28500.61;519510.07;0;46894.98;5925.29;625275.28;364505.41;357087.28;1233237.3;794295;70988.09;44612.12;12032.74;9606.14;17410.13;0;5563.11;166418.14;156923.95;5353373.85
3103;57791107.83;30407727.73;23147047.75;1003764.7;3232567.65;272849.2;1453271.73;1275140.9;2888749.99;1765298.63;8679318;14784634.97;3605817;3187.72;3971093.87;801541.18;1158619.93;672127.33;0;1338805.43;5845965.29;1358571.09;74125736.28
504;15820651.03;5955174.74;6386711.68;2341948.21;1136816.4;144202.83;195391.44;304907.94;933141.8;2405374.13;6051843.54;4941284.84;2531931;382437.58;504388.48;98050.32;115672.36;144788.45;16721.03;129156.32;1092849.34;429678.44;25855512.71
1209;4577219.37;2144416.51;1827040.18;16010.59;589752.09;176671.52;149737.75;119205.27;282514.93;725282.8;382440.65;1465172.52;928272;88785.33;49508.14;5572.59;9955.59;10095.19;0;23884.77;194270.26;204336.79;6413072.29
606;5658462.88;2941923.35;1894268.24;35627.99;786643.3;690;36452.65;225901.72;275796.78;255846.26;456473.54;1668592.36;1055901;132362.17;114879.62;9468.19;15974.52;21991.95;0;67444.96;141201.19;224248.38;6909623.83
1412;4270714.19;2102646.64;1791784.41;31953.02;344330.12;100375.63;122821.92;29024.85;89570.06;706660.88;567529.46;1506851.54;716691;0;139425.88;20971.69;18744.63;23931.66;5063.72;70714.18;172309.71;478424.95;5886696.99
1304;47779218.25;22214722.9;19795448.23;389105.84;5379941.28;1072730.55;3099705.82;34474.46;4056099.75;2545671.52;4569267.34;12380934.07;4032687;662312.61;2641557.47;488269.85;637807.67;800458.77;240395.7;474625.48;3022775.76;2021601.23;63157167.69
906;7174175;3378319.71;2822405.29;87588.27;885861.73;153647.84;263775.54;57807.47;2265045.1;1004631.26;1412893.66;2383420.98;1591610;185249.89;213444.58;23340.43;103962.41;67271.46;8462.29;10407.99;270157.17;122959.34;12331975.87
1505;15324033.23;8549793.73;5199752.33;143262.46;1431224.71;83726.66;182958.91;94283.37;1323782.24;782806.9;1472529.6;4163204.35;1508061;0;1927917.31;126955.84;1544748.74;84835.09;4046.48;167331.16;453356.75;273869.29;19264120.91
907;19139988.91;9148013.99;7958066.31;877195.42;1156713.19;10975.94;719435.93;107068.48;2997121.12;278810.92;5121477.29;5494858.7;3145299;450243.64;612863.69;105913.28;167330.2;233740.34;17206.45;88673.42;742110.21;544342.16;28374878.59
308;53537907.42;23350740.46;18508094.44;557921.74;11121150.78;977546.25;2906870.64;0;1902630.75;5074286.6;8395268.74;14183660.92;5686971;166690.66;2841581.38;616580;639264.38;900625.91;106498.07;578613.02;3116561.25;2371856.63;72794510.4
4701;6424592.81;3439481.85;2136230.94;68057.87;780822.15;0;7136.64;2413795.32;1402000.84;328535.46;1138300.67;2677950.66;1281193;820882.76;296789.93;37240.39;62989.44;95919.08;56752.66;43888.36;270524.67;8560.3;11714361.74
505;12013945.09;4379398.05;6335287.71;40807.91;1258451.42;131717.28;582257.53;121582.82;757909.71;1739703.85;1139606.71;3560710.38;2728104;56239.69;214879.03;21279.51;142377.87;34559.32;0;16662.33;519160.29;42327.37;16486722.99
110;13365569.18;4989450.1;7427156.11;412839.7;536123.27;472565.28;302367.84;1872538.2;767524.56;2456975.84;3671416.38;3744295.73;1326332;0;1032618.77;179899.25;410510.45;262129.09;28649.32;151430.66;993834.15;391510.81;22908957.28
806;21506192.92;6476431.17;12066052.83;285962.63;2677746.29;0;185208.45;335201.15;207953.71;1613583.57;1518168.81;4511068.55;836367;98845.03;1747001.95;358401.04;1053314.2;207971.37;0;127315.34;1774428.13;54426.44;25366308.61
4201;6652838.57;2706829.63;2830976.59;81444.33;1033588.02;0;35922.54;59438.75;862393.19;575423.26;1372021.36;2395957.65;1094862;0;202984.91;35612.45;65886.57;57184.28;6908.83;37392.78;503121.78;594988.96;9558037.67
807;35317224.03;11761726.22;17811451.78;1080178.95;4663867.08;837033.99;676942.86;579863.25;444235.83;567381.9;3131215.36;6838713.75;773556;48291.87;2866716.43;483900.47;1640308.88;231957.58;51556.5;458993;2432014.49;718134.96;41553897.22
4801;1665843.18;1102795.05;444311.16;12990.01;105746.96;66000;94493.92;138204.7;1856673.76;611649.1;558241.98;1664546.03;564447;912541.64;18260.47;2903.44;2259.9;12232.45;0;864.68;15998.69;153298.23;4991106.64
4601;3079026.78;1729302.83;935728.17;159141.75;254854.03;12000;495674.56;286093.62;1566008.85;189328.78;1402845.56;2283804.19;915480;857072.9;43173.78;11153.31;6771.72;22464.47;0;2784.28;89582.62;378494.89;7030978.15
1805;13344228.56;4602505.83;5867586.61;687147.42;2186988.7;9000;1491720.87;296575.16;1962637.51;241757.13;4262278.56;5140471.71;1892181;905939.22;589633.03;82706.29;168534.15;132375.61;4479.26;201537.72;1386188.21;366530.25;21608197.79
1009;36975448;12320471.2;14605738.66;1274776.5;8774461.64;16536;2671021.51;300799.28;2533764.1;4100576.76;10645776.28;9241372.51;4083192;91373.79;3554040.88;524836.45;1128860.14;888411.77;316480.73;695451.79;311746.78;1201019.06;57243921.93
1106;441940695.4;216512163.4;132540525.3;7260017.5;85627989.16;11384284.67;9388069.8;4096554.46;10909192.09;32993013.17;129288439.4;105089047.89;268901;65234.52;54958626.57;5113969.21;26776329.07;5326705.09;4093616.14;13648007.06;24165308.72;25630977.08;640000249
808;57787460.46;25771145.76;26582007.28;589169.64;4845137.78;691747.4;3828959.78;2943775.53;4749489.73;3279760.41;18847684.63;15720474.72;2181303;148736.01;9481721.36;1507417.93;6109775.19;672969.52;122656.64;1068902.08;2789469.25;1119245.1;92128838.58
1107;84066571.6;38008150.63;32103516.23;1128635.25;12826269.49;454188.82;3182033.59;307723.99;476128.55;709524.42;13385106.56;23736855.67;4674914;489287.82;9048228.29;1315103.07;4807043.71;1288845.08;586484.32;1050752.11;1538927.39;7985498.17;102581277.5
1108;14438381.81;5794903.78;6416295.07;266092.34;1961090.62;444236.96;1458311.25;170130.51;290656.66;386403.8;2185364.66;3678116.82;1131132;5158.91;838441.02;150160.79;457062.48;157606.97;10073.84;63536.94;1238509.33;464875.56;19373485.65
607;10006886.24;4254744.48;4915091.77;91269;745780.99;61565.19;671073.56;472838.66;637623.9;996518.31;645894.33;2642430.79;1056117;173272.59;349369.57;67855.1;54725.31;93481.81;2894.29;130413.06;581705.85;481965.78;13492400.19
1305;19295469.06;9759379.25;6996383.85;189946.3;2349759.66;50000;1847747.96;758643.45;391827.98;341342.88;2398491.9;5405244.99;2000193;33572.31;1007400.6;109584.98;250739.99;233354.63;0;413721;1156155.31;1207923.77;25083523.23
1413;6977201.33;3163272.06;3173417.85;30048.45;610462.97;0;244568.26;105251.68;765743.43;196648.95;277096.88;1973032;1426102;21990;99803.59;34483.95;29768.21;27093.23;0;8458.2;336183.65;88952.76;8566510.53
405;12086137.28;4638503.88;6325027.27;61315.38;1061290.75;190714.5;0;39535.4;1036602.91;338897.36;2221990.18;3286752.09;2126361;15063;373452.19;47730.24;35374.08;71534.94;0;218812.93;597326.95;174548.95;15913877.63
3104;13314434.08;3463405.26;8050209.77;610092.29;1190726.76;9500;0;33872.8;1277619.47;101382.66;1527611.37;1870358.62;1414296;0;263530.5;115556.92;30274.03;103418.39;0;14281.16;27826.54;164705.58;16264420.38
4602;3809692.5;2267299.53;1126940.31;22301.44;393151.22;0;222139.67;103423.58;2241998.16;207786.75;605775.77;1793492.9;975342;580199.06;84726.51;22012.65;19306.9;33510.99;0;9895.97;151158.92;2066.41;7190816.43
1109;39957337.91;13929910.11;21843671.77;112750.89;4071005.14;78428;188490.04;686942.34;5084495.88;2256141.38;3888773.37;9898457.83;1674741;12609.56;2947954.23;464661.36;342467.5;507684.52;41711.25;1591429.6;2356782.5;2906370.54;52140608.92
1306;39706547.35;18567367.45;15434195.89;1723483.57;3981500.44;237729.23;3310949.89;4738597.12;1537521.36;1031912.79;8899173.96;9588935.45;2846406;99528.66;3900094.76;737133.12;595063.26;843884.25;1324986.24;399027.89;1503585;1239321.03;59462431.7
1806;9989426.22;4592825.23;4435727.71;401184.75;559688.53;15536.46;1106706.35;732153.95;1706892.62;568375.13;2014245.55;3413363.11;1630518;300555.32;387421.71;41865.77;6867.77;102262.93;22529.94;213895.3;697162.34;397705.74;16133336.28
908;3457309.92;1300144.92;1380262.55;24938.18;751964.27;10247.92;0;131544.49;122410.86;797133.54;600280.74;1335671.11;868161;0;30494.78;5006.37;9613.01;11372;0;4503.4;92784.82;344230.51;5118927.47
1307;17475330.16;6875721.53;7498395.78;457410.02;2643802.83;32296.87;318478.2;524155.14;454997.81;564060.3;5895091.3;5208824.34;3062076;42568.65;726706.39;130092.44;160620.53;278699.56;53602.68;103691.18;516239.01;861234.29;25264409.78
1010;15641811.17;5403826.48;7784015.37;21997.88;2431971.44;58158.19;678953.67;599546.06;705187.13;1480038.36;801926.18;4108361.35;1398921;114243.23;887430.34;108428.47;183934.54;266681.17;283294.39;45091.77;1583662.96;124103.82;19965620.76
1210;3442323.47;1736929.25;1314990.46;7237.32;383166.44;808643.91;18704.86;177894.45;144897.78;280210.15;236301.21;1033469.14;810819;16304.97;34458.19;2614.55;10338.38;14823.65;326.94;6354.67;128166.67;43720.31;5108975.83
1308;68457715.38;29702027.6;25465524.66;706241.51;12583921.61;4384128.02;3853050.89;632314.7;1623537.48;2511746.35;7199260.91;16347878.81;3420768;2063725.32;4974619.76;764126.57;1056395.77;1028933.5;989670.34;1135493.58;3515061.01;2373704.72;88661753.73
111;8808666.74;4523811.59;3680237.91;0;604617.24;338138.35;2761281.69;164037.91;1522370.31;433130.04;2143389.89;3138213.3;1163715;286840.39;440295.52;56258.83;119564.45;118095.75;15677.11;130699.38;781980.53;465381.86;16171014.93
909;6487092.04;3041528.33;2838401.08;275757.73;331404.9;83597.83;143603.48;199286.87;423133.31;112319.29;353485.68;1817393.33;1208326;160170.08;111306.28;21536.14;26156.78;22213.7;0;41399.66;124340;213250.97;7802518.5
1603;7635704.25;4584277.87;2430238.89;175949.22;445238.27;16406.51;207386.28;681715.97;899062.11;202690.96;1531637.87;2418588.58;1413452;10029.24;204495.97;85014.61;28895.25;45072.98;0;45513.13;658715.07;131896.3;11174603.95
209;9023273.26;4634782.56;3218786.66;41209.92;1128494.12;168717.35;77494.26;112755.78;1890881.73;739355.84;1325824.02;3230990.87;2447793;303346.76;83563.04;14567.37;9425.36;30708.86;0;28861.45;303254.6;93033.47;13338302.24
1704;3377725.42;1999830.21;992940.96;210558.42;174395.83;26089.58;239886.01;8897.37;159252;156972.56;1021036.32;1200809.92;728220;4577.33;51652.89;6274.77;4542.08;17770.98;0;23065.06;145759.87;270599.83;4989859.26
608;7800425.09;3609526.91;3771562.97;15728.81;403606.4;0;176900.34;298253.52;242249.89;499762.59;1087794.79;2067702.12;954840;58906.38;376508.26;51961.42;36129.42;68785.02;0;219632.4;488196.42;189251.06;10105386.22
609;6467194.2;2919176.04;2923356.53;29116.73;595544.9;75119.67;5756.4;165692.11;196740.42;746374.08;663582.89;2897022.04;985617;762028.66;339383.31;30971.48;163807.66;60458.85;3531.43;80613.89;444741.84;365251.23;8320459.77
406;7392096.98;3129185.83;3429586.79;254290.64;579033.72;6718.4;144855.59;173153.58;475656.08;1037529.46;1193386.67;2258929.93;1572729;37884.38;247286.94;8934.4;38012.47;34978.25;7899.38;157462.44;255229.4;145800.21;10423396.76
407;15168166.19;6382566.56;6611142.66;925110.09;1249346.88;68995.35;2315620.03;227876.38;922775.92;1040326.62;2184647.44;5200433.38;2183614;804760.22;360024.99;53194.14;67395.49;112228.76;0;127206.6;1298494.53;553539.64;21928407.93
408;8839692.22;2808426.4;4883520.87;28629.27;1119115.68;13845.92;172529.26;113524.52;161660.64;2141619.87;1155223.76;3159208.76;2061834;219392.39;124429.08;10260.49;18229.77;39959.72;0;55979.1;515084.41;238468.88;12598096.19
1807;7219105.26;3001476.55;3227692.04;271644.13;718292.54;301540.19;177167.91;170824.67;1135713.66;638140.03;1876583.56;2748409.56;1266485;0;174616.32;49496.15;34664.77;53809.44;4047.99;32597.97;334883.83;972424.41;11519075.28
1506;24497960.8;13950877.3;7039851.35;150702.43;3356529.72;17030.45;263438.86;539830.27;487107.36;1576319.68;2902992.76;9503071.56;2479416;0;1341053.33;319889.55;428620.72;309237.84;70733.46;212571.76;1868121.25;3814480.98;30284680.18
1604;9445338.55;4502906.61;3769116.32;140026.48;1033289.14;61774.46;334760.97;169150.69;616351.95;602092.7;3514211.71;3349627.68;1835367;44139.1;271578.75;32780.28;96448.63;113804.77;0;28545.07;595692.24;602850.59;14743681.03
809;6355639.35;3575672.03;1855953.83;23100.76;900912.73;17000;26788.63;761164.53;422142.13;655907.85;1401730.15;2356284.4;1490052;102001;252492.85;6059.66;189145.61;26228.64;0;31058.94;101304.72;410433.83;9640372.64
1705;5052382.57;2644867.64;1776262.67;272548.64;358703.62;72560.05;320837.03;27707.08;91328.12;154114.54;1501788.51;1752407.52;1312194.27;17590.24;76672.55;12658.52;7643.34;31961.74;0;24408.95;79259.84;266690.62;7220717.9
1211;4149546.79;2490409.14;1129043.31;57772.08;472322.26;0;132980.33;91.94;72113.32;88807;860098.36;1247341.98;962940;0;106679.93;3998.05;68960.85;11510.87;0;22210.16;90284.92;87437.13;5303637.74
1706;10629507.83;4230926.32;4017481.85;25451.54;2355648.12;385411.94;883437.85;799378.91;2325498.5;821814.24;1278617.75;3676230.37;2227294;251437.05;185421.5;33771.14;16794.8;55337.79;0;79517.77;596731.18;415346.64;17123667.02
706;13087759.73;6612634.13;4797112.99;113724.39;1564288.22;36513.38;767259.94;238095.74;419137.7;851530.94;1315041.04;3686265.88;2308868;379886.67;242105.21;35067.97;101603.38;81290.94;306.89;23836.03;558679.85;196726.15;16715338.47
610;10454671.92;4083825.15;5095814.15;598500.81;676531.81;0;176927.44;732597.85;611942.63;1180505.36;1443432.39;3069837.25;1774011;145024.55;546126.56;59452.69;61244.43;128207.17;9068.19;288154.08;381369.26;223305.88;14600077.59
1507;21656751.94;12845214.67;6225981.97;129517.66;2456037.64;103122.68;584274.44;71970.06;275696.5;352037.39;1315678.68;4703995.82;1309626;0;1684762.9;383442.61;714402.49;292128.41;53699.22;241090.17;749682.72;959924.2;24359531.69
707;4452180.71;2348380.59;1330078.37;21596.45;752125.3;7075.77;44530.16;81157.88;363193.84;295040.52;389894.91;1325842.28;1033874;24241.56;49157.21;9645.28;3641.95;22882.92;4593.4;8393.66;160612.7;57956.81;5633073.79
1808;5881211.39;2540716.57;1873344.55;39495.5;1427654.77;82416.42;66026.11;247029.19;920340.5;301042.98;752733.84;1804863.79;1201190;0;128527.51;24744.69;22832.06;48373.6;5340.46;27236.7;311049.99;164096.29;8250800.43
210;10584420.59;6075346.32;3421205.15;110020.09;977849.03;92088;132082.45;320536.93;935188.19;917775.35;1701154.08;3154634.26;2211465;194155.07;187380.36;24043.39;68915.49;73031.92;8978.46;12411.1;380168.87;181464.96;14683245.59
708;4589104.72;3028574.39;1080075.38;210605.53;269849.42;3369.65;0;23196.54;14747.35;70599.89;315482.95;1282909.21;815676;452.2;32753.95;3667.15;6885.62;12672.63;5616.74;3911.81;87033.65;346993.41;5016501.1
1707;4776440.47;2360698.61;1890080.47;242456.91;283204.48;0;35841.64;11124.15;291248.36;91816.92;1358085.84;1481451.06;1063677;26228.42;69061.49;6902.27;4520.79;19105.74;0;38532.69;177358.27;145125.88;6564557.38
112;3984159.47;1734599.86;1746065.69;9088.28;494405.64;554647.02;146618.26;66308.62;697106.33;1065725.95;255884.68;1259469.45;859620;2454.93;153642.32;31986.64;40347.94;64871.53;0;16436.21;183178.6;60573.6;6770450.33
1011;8741551.02;2960675.14;3351729.05;954601.31;1474545.52;544.83;50020.92;32743.63;58148.91;851305.86;1797860.8;2490322.9;792825;0;485502.74;120398.14;159827.49;79238.21;0;126038.9;321445.32;890549.84;11532175.97
1809;6993934.24;3083930.57;2442844.15;596493.63;870665.89;69085.6;27057.8;65959.67;400776.2;187950.74;1181800.23;1809511.08;1147917;0;410556.86;52937.29;63316.18;74478.11;0;219825.28;186757.97;64279.25;8926564.48
1212;7043681.95;3993109.12;2216025.77;57665.12;776881.94;397.3;2334160.23;936.25;53049.96;246795.64;1726635.3;2628380.7;1559982;396858.46;67948.96;13567.35;15801.96;28977.49;0;9602.16;316594.49;286996.79;11405656.63
4202;3609450.18;1505856.15;787776.66;630656.79;685160.58;74968.5;116637.74;85311.96;957909.94;81979.22;2002008.07;3307262.18;1017300;656072.06;30454.54;5570.62;9346.61;12949.41;580.14;2007.76;4156.03;1599279.55;6928265.61
1012;12287864.55;4875956.45;5412817.39;287218.95;1711871.76;335796.81;3649721.38;81799.81;203292.34;774232.3;1679045.44;5789968.82;514134;1351000.82;2359769.67;137816.75;947404.44;81014.8;342.42;1193191.26;539231.03;1025833.3;19011752.63
211;18980067.74;8046450.04;7064287.09;77941.09;3791389.52;100425;606804.4;208600.45;574956.95;2116621.38;2356447.65;5562767.2;3326967;333416.98;719808.04;116848.44;378704.63;129050.53;7076.78;88127.66;954285.65;228289.53;24943923.57
1116;53053916.25;22733103.96;23897825.83;606249.16;5816737.3;4649.75;642818.13;94478.58;791014.47;438396.76;9391807.88;10747209.37;3564111;4782.44;4250061.73;679633.78;1622083.52;769251.64;142665.12;1036427.67;563953.07;2364301.13;64417081.82
1110;76440474.32;33125802.39;29998859.3;2445694.55;10870118.08;6685101.94;8151368.53;5077078.94;2542440.21;5730912.68;4185331.38;30628690.56;4039390;8895.32;18558474.78;1646672.08;12713869.91;2861531.81;0;1336400.98;7484802.74;537127.72;108812708
506;5585228.34;2138504.13;2585989.59;30331.07;830403.55;1920;311824.81;53165.12;1310113.06;680704.63;746131.54;2206564.76;1447824;41080.87;133945.77;88053.45;14334.74;26805.14;0;4752.44;538326.58;45387.54;8689087.5
810;18963850.79;8197154.95;5523460.58;361546.23;4881689.03;11186;95024.95;251072.84;29621.28;853589.21;2693910.27;3978840.79;1592238;57571.79;1199306.34;238610.04;548351.57;345420.75;0;66923.98;295966.48;833758.18;22898255.34
113;21923944.97;9835467.31;8432895.54;425560.74;3230021.38;1484059.36;1890593.13;1127978.24;1754391.66;248800.27;6437335.87;7953719.37;2949906;1523249.05;1243274.42;179558.65;231256.47;403332.91;87062.46;342063.93;1785578.55;451711.35;34867103.5
1810;5449039.08;2735117.68;2281031.16;81944.16;350946.08;0;1835757.65;1224577.88;1089705.52;952013.35;1350959.6;2039414.31;1054164;41125.5;234278.25;28831.82;106314.55;50834.55;3848.64;44448.69;133681.16;576165.4;11902053.08
114;9398067.02;4326124.93;3724828.35;140002.04;1207111.7;399220.6;3668026.8;115700.69;1917478.01;333151.23;1744249.2;3631675.66;1547304;560821.09;438746.06;76657.8;107313.19;142282.81;37810.41;74681.85;687891.85;396912.66;17575893.55
611;10477425.67;3858385.79;4769642.25;57162.79;1792234.84;81352.57;482454.11;455970.43;659941.92;445194.84;1252932.41;2975863.44;1538097;484611.77;498464.98;51130.25;103491.24;107297.47;0;236546.02;287374.58;167315.11;13855271.95
1421;21227201.28;6569236.03;11383378.77;401983.33;2872603.15;266764.77;1126126.74;98185.09;401828.97;945426.96;6790056.32;5658676.41;2737516;104071.31;1298502.58;219930.54;350308.33;261491.6;61470.15;405301.96;759558.17;759028.35;30855590.13
212;6500035.52;3954630.29;1538356.56;89931.07;917117.6;20268.61;89483.34;44671.24;918108.01;379552.39;1862447.08;2333946.52;1453965;0;106916.37;21686.7;50601.95;27963.2;2592.71;4071.81;186100.11;586965.04;9814566.19
115;18342515.64;7310341.71;7681570.81;131143.6;3219459.52;852382.7;394289.34;41735.67;2153226.93;1404573.54;2134013.91;4832826.08;1801179;303411.03;1262650.61;218774.76;404859.74;300714.63;60633.95;277667.53;967228.54;498356.9;25322737.73
1309;16873706.76;6916059.35;6978075.81;982435.42;1997136.18;61297.57;1717683.11;18897.35;1172000.89;896126.49;2296828.78;4164212.47;1925081;16820.72;755450.11;161493.48;143172.3;272573.26;68169.13;110041.94;762040.26;704820.38;23036540.95
1508;33829720.23;17606603.76;13219782.11;478674.15;2524660.21;202970;704278.52;101998.21;922400.1;341088.15;2104892.89;7801301.65;1825959;3923.19;3252221.41;606080.33;1279609.45;449259.07;108819.58;808452.98;2146369.66;572828.39;38207348.1
612;7635753.76;2467325.25;3667577.51;1422.93;1499428.07;80105;323615.55;127027.53;757095.07;762290.5;355888.52;2328329.14;1311068;0;39839.24;18331.59;3528.1;10321.88;0;7657.67;112770.55;864651.35;10041775.93
1310;29471255.51;13534117.16;11890153.41;840471.77;3206513.17;136939.15;3637604.07;132530.82;3559568.81;1241958.7;4794211.34;11233115.73;3369465;515821.38;1320930.88;252055.37;306983.54;413452.71;50516.33;297922.93;1122131.36;4904767.11;42974068.4
1605;6644771.03;2903982.57;2735159;420979.1;584650.36;0;510911.44;1545471.2;425352.76;141211.06;1706300.78;2655353;1495056;496240.43;140415.85;14160.29;71118.03;44754.43;1694.19;8688.91;314799.08;208841.64;10974018.27
1013;4462771.7;1433592.25;1871427.24;570045.65;587706.56;17250;214608.19;72423.9;306802.12;410614.23;443073.52;1236689.94;880566;2454.93;48976.25;10951.3;13303.77;17341.84;0;7379.34;201474.4;103218.36;5927543.66
613;7333751.36;2613649.08;3643701.05;36203.09;1040198.14;28960.74;864909.24;255568.9;1749438.57;721040.62;911984.66;2685711.73;1437672;394966.12;191565.7;37987.68;12281.15;73160.01;0;68136.86;446106.13;215401.78;11865654.09
1311;22550968.29;11104610.02;8298689.73;267001.58;2880666.96;197668.74;4880018.69;1059821.77;3640876.89;1700973.04;2578137.03;8479811.22;3298461;685713.78;1070885.03;124208.64;356188.34;341921;52020.56;196546.49;1057297.07;2367454.34;36608464.45
1811;4900239.58;2250644.36;2032761.15;15696.15;601137.92;53443.12;124359.7;130249.5;1247374.37;542387.26;728887.05;1734968.82;1195794;22540.47;85879.58;10506.26;11736.34;34329.54;0;29307.44;224642.75;206112.02;7726940.58
507;4970191.12;2041740.51;2492522.19;56911.28;379017.14;0;1055841.37;544360.52;303609.72;1045410.62;646777.18;2192699.42;1497636;73038.19;111875.69;4059.27;15563.46;21970.68;0;70282.28;181030.62;329118.92;8566190.53
1812;3993524.41;1669856.52;1806278.12;0;517389.77;245280.15;220678.99;468494.57;174654.53;997455.87;203642.62;1344484.6;1042654;104148.39;19482.91;3390.16;2958.66;10074.46;0;3059.63;112197.8;66001.5;6303731.14
614;4699641.32;1921622.12;1889586.79;171171.81;717260.6;5130.99;227844.85;34537.62;422518.62;161853.95;704297.95;1434063.59;912267;185161.15;81739.74;11109.7;31458.85;30399.91;0;8771.28;148659.28;106236.42;6255825.3
1014;13179157.16;6017589.24;5494138.63;115991.64;1551437.65;62382.54;356337.68;13377.88;180546.87;504156.5;947819.62;2781053.42;1128156;0;573808.41;115592.81;168838.17;154462.37;63682.72;71232.34;784921.75;294167.26;15243778.25
1708;9780708.6;4405676.24;4018287.51;384733.75;972011.1;22622.15;2763664.62;246724.26;839542.68;810183.7;1415561.51;2926099.79;1367189;406765.28;419522.44;51915.47;143509.91;75486.51;0;148610.55;434642.07;297981;15879007.52
910;7299518.31;3151436.61;3309048.3;156281.21;682752.19;0;717538.37;101033.85;533553.23;196261.1;1387989.31;2312019.84;1738827;38681.79;231830.41;21235.51;22232.17;45467.23;0;142895.5;161440.1;141240.54;10235894.17
1015;19458176.55;7157915.2;8496997.65;79516;3723747.7;152846.66;2864805.94;9098477.04;3564825.07;3911389.32;2743376.12;8216841.22;3088749;1519569.61;1036597.04;229715.31;280404.99;360490.3;51361.24;114625.2;1911346.11;660579.46;41793896.7
4203;23706415.72;11843870.82;7694983.58;311053.14;3856508.18;159046.11;3289448.89;752725.22;348560.46;2275842.71;3483484.25;7604760.55;3401139;1552682.93;1817055.55;267086.01;534066.89;387464.45;99074.3;529363.9;710516.14;123366.93;34015523.36
3105;3791392.53;1524455.67;1822518.47;10218.11;434200.28;16812.76;70580.16;52120.37;344825.87;69911.57;573605.79;1159067.48;864912;0;141104.38;33394.76;14860.9;46760.53;0;46088.19;111258.38;41792.72;4919249.05
1606;7903407.7;4038596.57;2769084.56;112950.18;982776.39;189287.5;956472.58;95479.29;473691.09;658834.7;2079400.05;3208974.39;1377873;236525.25;185380.44;27542.43;44438.17;56333.3;0;57066.54;400330.4;1008865.3;12356572.91
1607;18546630.1;7775535.4;7269518.08;6477.93;3495098.69;119260.47;1070389.98;265014.2;240416.33;2086814.16;1520155.18;5738328.47;2773152.99;657280.47;740943.77;107422.59;153450.25;215556.42;0;264514.51;986461;580490.24;23848680.42
1213;11170347.85;4731167.18;3942844.85;3216.25;2493119.57;284163.73;149110.99;1259790.39;1114140.28;2272443.86;584112.28;3632832.92;1917408;279915.86;221273.43;52149.46;73789.05;86657.97;0;8676.95;584036.61;630199.02;16834109.38
1214;10884258.65;6107774.38;4201909.23;281544.17;293030.87;239949;1123881.56;107623.37;342255.98;686277.76;3729255.4;3167883.63;1563482.36;315451.62;496071.57;101372.01;110614.24;133016.24;18623.32;132445.76;728433.62;64444.46;17113501.72
709;7385607.88;3561274.48;2732243.9;39244.49;1052845.01;10853.75;433950.41;95461.41;107087.8;107629.35;338573.63;1867074.78;1438092.5;29873.21;55612.51;12085.28;11448.12;25143.17;1405.8;5530.14;187048.78;156447.78;8479164.23
811;33858760.15;14009673.3;6451206.3;4399457.19;8998423.36;281287.4;1118065.52;5251.83;811279.96;1437519.98;7355625.34;6665117.11;1180557;105069.05;2480245.5;905203.49;905614.22;406661.53;70934.88;191831.38;550946.02;2348299.54;44867790.18
1312;120928827.2;56303553.2;46679683.3;2722486.21;15223104.49;2846411.87;2749148.89;610607.55;4495652.53;2430719.58;20593487.52;37413374.24;5967771;1110801.47;21413174.28;2451082.84;11589245.31;2009070;899241.52;4464534.61;6684630.97;2236996.52;154654855.1
1016;11555650.75;4610720.29;6036860.3;34459.42;873610.74;271119.57;362019.16;589678.91;1267646.79;658665.57;870026.7;4609023.79;1593666;1166007.4;478592.83;149818.3;93813.39;140133.25;7647.74;87180.15;854453.02;516304.54;15574807.45
3106;3066998.92;1255543.2;1334882.03;50940.98;425632.71;0;2788.92;53394.14;195735.03;150425.84;330981.7;916488.91;813000;0;37464.67;11120.58;0;12712.92;0;13631.17;63199.7;2824.54;3800324.55
3201;3287860.55;2122847.69;893387.33;55067.84;216557.69;5164.75;0;1767.42;0;11948.48;392401.45;765697.53;468606;0;254188.09;85048.38;85112.16;35015.06;36428.84;12583.65;42788.73;114.71;3699142.65
309;9361230.58;3994259.27;3830473.67;201634.15;1334863.49;76000;509298.18;98896.29;721517.82;696383.12;2108884.78;2709213.69;1673649;0;422587.68;52381.63;110718.7;124155.64;0;135331.71;451774.55;161202.46;13572210.77
1313;27961839.9;12147203.01;13382694.4;254142.52;2177799.97;659184.16;4619969.09;279702.57;1681679.84;1050052.61;3765349.11;7635611.71;1926252;5610;1670564.83;346437.16;435329.3;352122.88;0;536675.49;3381188.62;651996.26;40017777.28
4204;3441459.97;2753578.85;480870.11;48754.33;158256.68;54.19;134166.16;174296.57;16388.27;1246912.56;1754302.55;1385428.57;994374;100000;116799.68;14217.76;52904.48;25455.46;3321.75;20900.23;146907.33;27347.56;6767580.27
4302;6150692.03;3431653.52;1331562.21;299073.01;1088403.29;349608.17;133950.99;1699.15;255106.31;432451.93;3680815.17;1913385.94;1593651;0;258853.95;44771.23;76065.36;104113.85;0;33903.51;60853.41;27.58;11004323.75
508;6675671.21;2671248.78;3101385.11;18183.02;884854.3;15657.41;225925.71;347795.51;157918.75;1102197.36;502080.12;2067587.83;1457820;11919.89;68097.54;10170.18;15434.07;34492.79;0;8000.5;464914.15;64836.25;9027246.07
710;7162329.71;4030275.11;2318308.97;2244.97;811500.66;25422.65;84375.43;62205.05;458572.34;427246.68;106657.77;1681902.77;1059203;41044.19;153662.78;28226.93;46272.59;21850.66;0;57312.6;266450.94;161541.86;8326809.63
711;10038929.71;4488718.32;3899144.28;253134.3;1397932.81;2504.2;126697.58;173173.84;1605344.6;674970.49;972666.98;3386217.94;1247817;608397.8;301329.9;126445.43;54296.66;55744.32;6133.42;58710.07;672004.26;556668.98;13594287.4
1813;7817510.97;4304553.47;2701896.77;153195.9;657864.83;0;322841.78;131195.01;186843.45;425192.59;849915.76;2199967;1368146;109885.11;149828.04;25714.9;33659.73;47215.49;4247.49;38990.43;329974.13;242133.72;9733499.56
3107;4446623.76;1591993.61;1004122.26;1176059.61;674448.28;0;0;0;2033444.91;401501.34;1448091.69;1959602.51;1098891;277341.02;155686.23;25707.76;20425.61;62432.55;0;47120.31;151760.57;275923.69;8329661.7
1709;8722640.11;3454321.05;2932552.42;120495.24;2215271.4;131046.96;478950.75;1078409.64;1086934.22;932558.7;840346.11;2978550.22;1177320;351072.19;152636.01;5889.78;21966.21;28620.7;0;96159.32;1193007.65;104514.37;13270886.49
4205;8324363.88;4885592.83;2809837.58;188109.6;440823.87;81794.73;539288.31;746360.21;1484077.14;2506708.31;2830016.82;4320209.83;2177502;631897.82;442668.49;71940.87;117738.19;114231.13;81319.39;57438.91;832214.62;235926.9;16512609.4
1414;12031094.9;5496430.37;4929818.98;192767.29;1412078.26;11437.4;1179183.14;300694.41;1798872.6;427518.66;3299535.11;4745970.7;1432050;570741.24;507366.04;102797.05;173677.92;122132.13;0;108758.94;885862.6;1349950.82;19048336.22
1710;5137881.01;2746707.85;2060619.42;20696;309857.74;23388.3;32540.98;181218.21;681034.27;440568.99;719172.59;2490779.45;1122466;890308.88;90664.7;297.79;16478.67;30374.48;0;43513.76;141811.42;245528.45;7215804.35
911;10399712.11;3619839.88;4397731.65;38814.84;2343325.74;27325.44;347884.39;328858.12;846319.73;593345.95;668819.43;3372449.5;2369292;127750.73;183281.74;20754.3;26518.59;56829.94;0;79178.91;303453.55;388671.48;13212265.17
1415;8413835.12;3804343.35;3298353.6;47907.64;1263230.53;275000;2111149.67;47111.05;701617.85;536929.6;521421.87;2664203.07;1263006;778212.32;290669.18;66579.5;45947.06;119734.42;34421.56;23986.64;184291.13;148024.44;12607065.16
1814;5799542.15;2470269.77;2753510.93;321835.07;253926.38;2113.66;22102.89;55716.95;224388.33;115659.62;1089792.62;1480813.32;950358;0;188787.83;29399.91;11196.34;56924.02;11146.35;80121.21;204844.22;136823.27;7309316.22
3108;23204803.84;6514846.65;13400328.5;2952563.53;337065.16;0;198332.6;1053197.35;4841434.36;514351.16;2422539.74;3584267.18;1469781;0;963822.41;227820.64;211546.22;248899.55;0;275556;809703.58;340960.19;32234659.05
4401;2570688.58;1160977.04;792821.95;43649.02;573240.57;149970.14;112224.17;69446.89;1061172.41;258304.05;261264.89;1671601.59;666588;863624.23;67456.02;13632.67;11977.71;27495.78;0;14349.86;72908.74;1024.6;4483071.13
4802;1690562.01;1010373.21;522448.49;6904.77;150835.54;141261.28;1985968.87;10620;41600.2;44898.68;273737.32;756941.12;533890;195125.47;21819.48;3127.8;3959.11;13140.84;0;1591.73;2000.62;4105.55;4188648.36
109;37232663.94;13831434.41;17205445.1;1433499.17;4762285.26;717256.37;5826325.07;3515587.61;1313617.08;2639073.24;6178252.24;13908876.43;4191099;3008365.02;2505704.48;542007.51;575047.14;768578.63;150226.56;469844.64;2626222.36;1577485.57;57422775.55
1711;4839103.06;2022436.12;2345282.7;33748.3;437635.94;94981;512329.58;21614.04;189275.04;163761.13;583557.79;1423094.98;984573;0;78698.2;12787.99;25595.84;32945.23;0;7369.14;217944.08;141879.7;6404621.64
3109;4224198.21;1431385.05;1559761.92;577450.57;655600.67;0;0;0;817551.08;0;1353686.83;1466754.97;1279014;0;92849.96;23088.84;21725.96;34185.1;0;13850.06;16636.49;78254.52;6395436.12
1416;34995507.23;13938808.69;12162417.79;2860197.7;6034083.05;127512.59;1908963;68742.5;1809643.77;1391459.69;6924315.86;6432126.54;3031347;246768.5;1248187.03;278604.36;216613.49;354778.98;221739.37;176450.83;422932.12;1482891.89;47226144.64
1509;19594694.43;9730390.17;8006645.95;155877.64;1701780.67;0;162153.97;236087.75;628496.68;544520.11;2081559.08;4859910.64;2710203;61502.61;690823.24;190349.02;293713.9;170288.8;0;36471.52;1052694.15;344687.64;23247512.02
1314;21878976.73;7960776.45;9461373.23;266850.52;4189976.53;5069.5;3689216.82;868742.08;1968020.15;1970450.12;3311787.25;6188258.14;3165711;667009.32;1014770.47;198166.82;226961.23;274382.85;20610.9;294648.67;554036.44;786730.91;33692262.65
812;7947741.25;3865344.8;3427984.7;16522.94;637888.81;360774.22;83435.92;48045.81;1034586.28;505401.72;422144.95;1965062.34;869214;74198.41;288168.75;37778.21;84266.17;84517.17;0;81607.2;498554.15;234927.03;10402130.15
116;10456804.48;4619676.03;4450419;115514.5;1271194.95;140629.83;724832.44;64484.38;342252.64;2811922.93;1522921.93;3349146.94;994806;712102.31;595309.95;334064;104479.94;121844.92;0;34921.09;731006.84;315921.84;16063848.63
1815;6093526.28;1690134.88;3765089.75;52250.22;586051.43;45000;20536.12;19226.1;553758.72;2249537.26;1526752.09;2584953.72;1411733.25;509330.74;268869.19;7648.74;189250.01;33302.96;0;38667.48;191016.75;204003.79;10508336.57
1816;10823003.13;6319476.81;3128630.28;285865.37;1089030.67;194913.42;1497844.33;110069.86;914126.19;857837.37;2138916.53;4104569.29;1848669;353555.78;160835.18;20382.3;46471.31;62604.16;3009.55;28367.86;797730.79;943778.54;16536710.83
4603;2662740.2;1156061.5;868722.77;15312.03;622643.9;55.49;588.98;253902.72;53587.02;139383.43;948722.19;1072640.88;730791;191105.35;63909.84;9094.09;20448.78;30347.09;0;4019.88;86328.85;505.84;4058980.03
3110;3274602.28;1287078.47;1436052.19;48311.35;503160.27;2400;19812.22;226689.97;570338.98;598621.71;622200.02;1205162.64;901299;0;76687.42;19634.12;19107.72;25753.78;0;12191.8;50539.34;176636.88;5314665.18
1417;4750965.43;2762363.12;1517522.2;52090.61;418989.5;183.89;29925.72;16401.53;25032.26;256590.7;666609.06;1301072.93;799941;46623.4;43686.44;6672.47;10320.76;21146.33;673.04;4873.84;166033.72;244788.37;5745708.59
1817;6014122.77;2966610.16;2459377.55;11212.41;576922.65;0;252983.23;836012.23;638445.27;1024279.08;826172.06;1878987.34;1309128;29392.95;137545.61;21323.16;30189.22;62017.09;0;24016.14;291983.8;110936.98;9592014.64
912;16463651.06;5091082.68;7668278.33;2751125.58;953164.47;51457.44;104146.62;167661.04;246003.96;909396.2;3092947.17;4859363.26;2341698;76998.53;609396.28;50007.51;103679.17;122955.24;0;332754.36;869610.55;961659.9;21035263.49
1510;71400107.06;32811186.22;33322493.74;3517889.39;1748537.71;135715.71;2379733.28;1084531.66;1398960.07;7155507.93;25062538.91;38053119.19;3373224;746900.86;5824829.47;851191.82;625386.91;886896.86;180035.82;3281318.06;2792231.9;25315932.96;108617094.6
1818;5196207.06;1727674.24;3112621.31;15643.14;340268.37;0;101370.81;104770.16;634633.97;829024.94;401924.56;1533377.32;1184340;0;81728.64;11393.42;7865.41;27802.73;0;34667.08;138900.68;128408;7267931.5
213;10189616.39;5766849.73;3284445.91;168234.16;970086.59;78988.01;655562.26;156918.52;203592.89;783257.97;848680.15;2749565.95;2021952;34609.07;348396.61;24235.16;192864.54;74493.19;3389.26;53414.46;229454.25;115154.02;12916616.19
509;9581019.82;3768608.9;4568470.32;108292.76;1135647.84;306;103900.32;1127161.08;605414.83;297808.24;1122853.61;2563603.18;1671423;0;214915.19;20981.11;55539.55;63208.86;0;75185.67;504491.94;172773.05;12838463.9
1511;31117329.92;17414284.9;10639481.48;817913.51;2245650.03;74966.94;689131.48;3814793.03;366225.3;2086311.57;4816158.11;8805436.61;1163118;247364.56;2334263.46;670940.14;644635.69;335031.24;54617.95;629038.44;2437372.12;2623318.47;42964916.35
1512;53589296.88;24222935.86;21944676.18;1895453.78;5526231.06;148615.43;1824998.98;1370151.91;1334974.68;2470296.14;4874985.74;12892463.89;2805942;846773.11;5268852.42;1033082.65;1206142.68;805710.12;1553792.86;670124.11;3010096.4;960799.96;65613319.76
117;4957220.01;2018710.28;1754540.97;70968.43;1113000.33;66367.21;107920.6;81374.05;639869.3;417465.49;1045165.67;1761380.17;1167621;0;154752.64;25276.57;33321.33;49775.33;3243.47;43135.94;115450.41;323556.12;7315382.33
813;23789487.42;11058613.68;10394889.82;567502.04;1768481.88;18391.15;19113.21;1394117.02;404828.39;837994.38;3110051.78;5746053.63;1879488;0;1379466.14;272891.63;643419.68;227183.01;0;235971.82;1437498.83;1049600.66;29573983.35
1513;12882703.46;7818280.72;3419306.83;201429.31;1443686.6;10059.22;202718.3;27986.18;1139550.47;405230.42;2653461.28;4797416.28;910488;664163.96;297860.63;132220.58;31615.63;87144.66;0;46879.76;934264.22;1990639.47;17321709.33
1111;105342726.6;45871473.7;33719887.57;1553596.75;24197768.56;268810.36;2490734.17;0;1052537.83;347843.35;13408584.11;24697671.84;7431309;1400.07;10395928.23;2136292.83;2240268.7;2693909.18;0;3325457.52;1699153.34;5169881.2;122911236.4
1112;6265848.1;2867820.85;2784877.25;92487.9;520662.1;0;64803.27;3234.62;173470.18;212204.2;535830.13;1544236.89;681675;0;234510.32;30118.87;37711.18;63057.78;0;103622.49;470436.65;157614.92;7255390.5
615;9018701.3;4257423.84;3590452.97;123934.59;1046889.9;44083.13;137820.82;299486.33;1137316.69;509297.51;1536481.18;2670416.58;1658301;5906.33;230544.46;38070.48;34120.93;95616.8;8802.52;53933.73;527457.23;248207.56;12683186.96
1215;4690249.45;2425904.58;1427621.76;64113.42;772609.69;1595.94;3302197.15;41399.36;89546.99;683332.79;547168.3;1568041.39;902394;218297.95;59528.29;9297.97;13323.95;24249.35;1887.17;10769.85;264411.7;123409.45;9355489.98
616;7595033.69;3373033.29;3042654.8;212652.16;966693.44;3489.97;31352.82;397378.77;385288.52;788778.4;1017528.44;2776420.16;1295550;29207.12;379829.89;30954.49;95055.81;63468.35;0;190351.24;122354.31;949478.84;10218850.61
1819;4907690.36;2143316.58;2315845.59;168505.21;280022.98;1800;260091.39;1105630.26;297356.03;229631.26;1134196.14;1943837.75;1134576;345614.49;62431.27;16024.68;10524.34;23601.85;1263.71;11016.69;210387.99;190828;7936395.44
1820;6653951.78;4059843.67;1955647.92;272427.37;366032.82;8226.57;165656.25;48882.68;131062.65;452441.32;1361487.63;2214568.26;1108305;151959.23;80091.23;9652.72;21230.41;40019.57;0;9188.53;360108.06;514104.74;8821708.88
814;16899709.7;8722556.75;4919586.15;158843.48;3098723.32;18221.82;182664.64;324794.92;297671.43;844431.07;4120668.01;4610014.82;1460854;154384.63;2096510.77;342348.5;904117.84;207755.24;23478.3;618810.89;483872.02;414393.4;22688161.59
310;7093326.58;3976097.91;2254288.05;26135;836805.62;0;366340.65;235880.91;767531.31;285224.66;509013.43;1992531.19;1307022;104852.78;95359.34;14973.91;11985.53;35309.74;0;33090.16;169656.47;315640.6;9257317.54
1418;16375638.98;8990663.4;5261952.4;191304.79;1931718.39;101073.27;501975.65;66433.55;611657.88;2892183.7;2799687.93;4263791.15;2176386;164746.62;580985.35;91583.96;104087.81;228182.38;39291.06;117840.14;634073.65;707599.53;23348650.96
1821;12956081.03;4665399.56;5085733.85;68886.36;3136061.26;111261.25;729297.48;1340127.41;3092118.9;1131362.51;2222253.6;4611072.71;2346684;654469.16;737849.72;64639.12;13658.13;143069.93;442233.86;74248.68;26774.62;845295.21;21582502.18
409;7213516.6;2923999.88;2968819.59;546578.91;774118.22;21048.4;256461.91;279235.37;478490.4;635900.87;2931875.09;2759289.38;1698954;8946.55;109105.55;14594.9;11330.06;38369.12;0;44811.47;454133.61;488149.67;11816528.64
1419;18111928.41;7847634.98;7390384.66;927590.34;1946318.43;55.03;1266193.8;98612.96;695609.84;884547.41;3384860.88;6356527.67;2008857;200734.56;570436.91;112030.54;0;203745.14;47445.37;207215.86;664530.2;2911969;24441808.33
1113;32484095.01;11593070.59;12188167.11;435136.1;8267721.21;626716.81;393958.23;3333.71;79290.26;2409119.85;5467557.87;8407001.2;2689904.5;6859.11;1895010.82;509874.05;404562.01;466406.68;178767.37;335400.71;908758.35;2906468.42;41464071.74
913;6996569.08;2719057.92;2150295.28;447862.65;1679353.23;0;328715.99;261985.98;809195.17;623311.59;1233445.43;2020549.66;1547466;57800;122982.14;11774.67;12176.52;49397.26;0;49633.69;117974.21;174327.31;10253223.24
1318;23142022.18;5946648.26;5218707.75;2883517.42;9093148.75;218003.64;1179790.51;1026415.55;1261537.75;1508311.89;2714093.33;5382410.75;1560542;2143158.29;792692.68;147592.49;217823.65;230091.4;16953.26;180231.88;226477.6;659540.18;31049724.85
118;8219507.8;3375088.07;3308621.51;335281.2;1200517.02;185000;1307905.47;45506.06;343824.68;702066.4;2138472.69;3219649.38;1360653;365178.85;458252.44;60918.39;181672.54;160119.11;0;55542.4;269090.72;766474.37;12942283.1
119;9135936.89;4025192.48;3388409.55;201203.23;1521131.63;405789.26;1061726.59;58180.79;1114216.34;566344.33;2469981.66;3393266.92;1556913;92932.03;611843.07;46290.59;70427.14;124736.53;218907.49;151481.32;697580.44;433998.38;14812175.86
1608;10523313.72;5142254.35;3979781.27;111445.35;1289832.75;38906.65;2351015.1;8972.48;742549.29;599087.27;611291.64;3312930.74;1313943;414571.74;392230.94;47095.01;42558.5;90913.46;20795.85;190868.12;539033.07;653151.99;14875136.15
1315;24508396.35;11335793.3;9719655.48;761753.2;2691194.37;266665.26;532784.58;0;828948.68;298786.33;4270356.15;5449554.73;2279532;128744.38;1490181.64;285556.31;412688.86;459104.12;89345.42;243486.93;1185406.18;365690.53;30705937.35
1712;10120741.57;4190389.73;4424292.18;452431.46;1053628.2;154519.78;378550.69;360484.76;1516154.96;1064070.28;1481885.21;3520309.07;2235204;219214.47;243171.08;22258.88;38907.99;74942.64;0;107061.57;602831.12;219888.4;15076407.25
4502;3012136.1;1581875.25;1132908.19;9331.03;288021.63;0;307020.08;402924.8;88356.51;52918.6;575927.68;1302079.83;925566;88340.9;91740;13276.87;26055.8;37379.45;0;15027.88;123017.12;73415.81;4439283.77
712;6504776.83;3738314.43;2019320.41;278339.44;468802.55;2000;57464.09;13322.95;84362.23;391339.45;955330.5;1592441.5;859035;5079;196037.06;25965.35;24291.15;60777.75;7865.42;77137.39;464725.53;67564.91;8008596.05
713;4843589.95;2315954.39;1873869.16;12580.56;641185.84;0;156571.1;84069.22;180452.81;232359.29;475412.12;1781289.99;990630;271826.9;107379.84;7229.85;66152.46;25475.47;1389.69;7132.37;198819.71;212633.54;5972454.49
1609;29603357.29;15793296.69;9588171.89;323316.13;3898572.58;1384002.33;2911139.59;102217.34;1013010.92;3005724.14;10597614.17;11521237;3534321;1191339.15;1669542.54;352948.85;473289.63;529719.34;0;313584.72;1222032.05;3904002.26;48617065.78
214;5144120.6;3273764.61;1363918.85;38446.27;467990.87;0;897080.94;36646.2;2165.69;349074.04;955480.13;1750473.18;954516;157519.16;97033.31;15215.11;35293.46;30958.99;611.54;14954.21;344361.86;197042.85;7384567.6
311;7650999.29;2860121.45;3223250.4;242904.8;1324722.64;39076.74;2425857.08;0;724204.23;387643.96;1962026.96;3461340.77;1384025;725634.37;199886.92;20372.38;24057.05;72055.23;49542.21;33860.05;556774.75;595019.73;13189808.26
510;3796367.72;1995522.99;1422568.08;33329.74;344946.91;1088.62;70237.22;145275.96;42113.81;378160.5;276818.07;1153783.57;885975;17941.65;55160.72;7626.07;10733.09;13144.99;3745.32;19911.25;64976.52;129729.68;4710061.9
815;9073329.28;3785317.19;3943070.18;322042.91;1022899;551914.61;1436607.49;193782.81;56208.19;580512.25;278470.59;1715111.91;736110;21776.88;523117.6;75559.36;384244.1;43908.39;0;19405.75;305745.25;128362.18;12170825.22
1316;33248690.61;15614975.78;12066646.79;2232814.21;3334253.83;305138.68;2394488.83;88451.72;1478827.75;279499.07;4926334.81;9476665.86;2232396;502728.48;3509031.53;465866.41;1746054.48;444262.48;201929.16;650919;1822191.61;1410318.24;42721431.47
4101;3520475.33;1782400.93;1345621.03;5944.26;386509.11;46250;20019.13;49978.69;979314.77;396336.44;573219.43;1073060.23;899349;7364.09;79104.11;15842.73;17988.84;37761.96;0;7510.58;78543.55;8699.48;5585593.79
410;6276552.1;2727219.19;2349374.85;18378.39;1181579.67;4194.39;315062.15;122595.45;285021.01;153827.8;453065.26;1493712.64;1311687;0;25430.7;4433.59;0;11005.15;0;9991.96;154180.7;2414.24;7610318.16
1114;41875875.22;16306625.41;18433819.68;262574.43;6872855.7;180070.72;2206597.64;720307.02;1482216.81;9150551.59;3501111.66;14086174.93;3171846;1710376.12;5789208.5;374701.73;2372433.57;726425.72;769409.38;1546238.1;2252454.02;1162290.29;59116730.66
4206;5900933.91;2433199.49;1559461.44;1087295.68;820977.3;196500;368611.99;263381.94;480854.26;507073.43;1335318.87;1902872.38;1035039;313722.94;214235.27;76398.9;44004.09;33842.94;6545.1;53444.24;254818.88;85056.29;9052674.4
1420;5578622.23;2964764.44;2150349.99;80439.8;383068;4110;811609.31;10751.56;51586.16;534011.19;947247.2;1920321.95;743397;11869.84;227576.7;18707.91;27917.28;43196.64;1369.98;136384.89;347973.88;589504.53;7937937.65
1610;7536070.71;3708671.48;3125250.13;72572.19;629576.91;66542.62;437391.53;558365.86;431234.78;722847.59;1402329.64;2496819.05;1397139;122387.63;389914.62;60215.7;32200.79;58543.01;38144.7;200810.42;323712.66;263665.14;11154782.73
312;45319359.3;18039739.09;23005147.29;472774.87;3801698.05;328431.96;2661956.13;1559205.53;6532780.73;623212.34;11659989.01;13100076.12;4550604;1014079.04;2333126.21;472730.11;510743.21;777865.02;0;571787.87;3487259.71;1715007.16;68684935
914;8144730.6;2824622.03;3641793.31;80268.68;1598046.58;0;428728.48;43981.08;930942.06;249781.07;568367.69;2204267.38;1379640;41604.29;117263.98;9031.88;33496.68;32590.32;0;42145.1;395674.47;270084.64;10366530.98
1317;82842120.25;34354473.74;33891438.07;4394450.05;10201758.39;2098160.09;6588736.06;8641.65;4454836.75;3385498.74;31483602.06;28596021.62;6397293;1472284.73;6496759.46;1635808.66;2075808.92;1860811.43;326476.99;597853.46;3773228.92;10456455.51;130861595.6
1822;4313896.19;2274145.57;1649388.66;73852.24;316509.72;40390.32;309565.77;166051.14;506608.51;180004.01;654225.83;1306420.67;843696;171225;127319.94;4923.59;15277.35;21851.61;0;85267.39;39660.26;124519.47;6170741.77
617;5109419.62;2298024.45;1695492.29;858963.34;256939.54;138650.25;97945.36;12543.5;61796.16;55607.13;1229999.99;1371664.62;821191;0;152132.6;42691.5;28836.09;41488.91;4636.45;34479.65;135737.1;262603.92;6705962.01
1713;11646689.84;4599417.8;4780958.52;93118.64;2173194.88;423736.86;2194786.68;963648.25;914910.73;5283664.4;707127.74;3999705.24;1804383;705987.17;481548.36;10948;35618.11;67908.35;6322.91;360750.99;629877.94;377908.77;22134564.5
1714;17673700.58;7106534.88;6672377.42;146396.92;3748391.36;658417.98;679843.41;0;1149379.78;1717832.81;3517640.09;7284634.36;2579838;3002531.9;939234.74;145893.46;261880.45;303171.09;46534.18;181755.56;560515.66;202514.06;25396814.65
816;48523302.6;7626750.07;22545788.73;3478128.98;14872634.82;1974614.33;4535606.44;1929189.34;4954655.15;3225178.07;12326005.01;2585727.02;673143;922.19;791580.06;286910.65;131448.18;130099.5;7061.19;236060.54;910316.47;209765.3;77468550.94
511;4787139.21;2482743.19;1646685.77;6633.73;651076.52;84250;277182.13;143339.65;415245.53;634606.06;356460.88;1606034.25;1042704;90327.58;100518.09;10817.67;71391.13;12036.8;545.99;5726.5;255312.89;117171.69;6698223.46
313;19007060.05;7470339.3;8625720.08;588520.56;2322480.11;52750;3054600.97;375159.8;330713.28;617823.04;3215030.86;4801263.74;2918286;0;660622;89594.2;148557.07;265402.96;27529.2;129538.57;931949.82;290405.92;26653138
714;5571151.64;2865072.16;1946797.85;190208.71;569072.92;0;192249.4;55527.83;135963.41;336743.07;832751.53;1755237.32;926730;24784.69;151463.17;35445.51;38613.16;43499.77;4128.87;29775.86;176786.38;475473.08;7124386.88
411;5977068.26;2493172.75;2896926.76;35536.67;551432.08;15000;22601.67;2632.2;163769.01;1657706.34;509164.54;1835442.83;1414767;66090.66;44903.2;8709.96;5528.36;19484.57;0;11180.31;75566.19;234115.78;8347942.02
412;8344904.19;3400651.63;3335739.54;38491.86;1570021.16;54630.98;137663.33;340960.95;477842.45;583723;1250209.85;2637287.86;2081628;20092.5;83753.61;9144.44;20971.29;33876.24;0;19761.64;320518.85;131294.9;11189934.75
1823;31840114.34;12022679.17;12381933.24;251696.63;7183805.3;613828.38;1713010.7;18582.32;446785.28;1206707.18;6613147.81;8199491.04;3612834;0;2072140.78;205979.43;502428.14;578990.11;480083.9;304659.2;1385345.78;1129170.48;42452176.01
314;10363187.99;4415154.45;2781924.53;436196.09;2729912.92;50000;7120958;200694.51;3413384.7;747889.46;1451851.27;3900976.51;1070978;1656304.61;462012.72;74774.8;91457.65;111584.78;15444.17;168751.32;31881.73;679799.45;23347965.93
1824;5380440.05;2458339.12;1934636.31;89345.97;898118.65;1568.24;231023.31;3195.19;242026.99;1278368.79;1564365.05;1862739.66;1216857;16970.59;100388.79;9018.44;13906.46;48210.32;0;29253.57;420676.5;107846.78;8700987.62