codigoine;despesacorrente;despesacompessoal;despesaaquisicaobens;jurosencargos;transferenciascorrentes;terrenoshabitacoes;edificios;infraestruturasbasicas;acessibilidades;outrosinvestimentosbensdecapital;transferenciasoutrasdespesascapital;receitastotais;despesatotal
1401;16442494.47;7060234.33;5516997.54;133571.48;3731691.12;332.1;1694694.54;975458.75;1790604.08;635371.29;2239398.51;5551328.25;23778353.74
101;16620453.87;7426086.26;6513734.94;80704.3;2599928.37;134657.29;2380630.2;205637.3;2068009.11;1983587.56;2470070.39;4770559.97;25863045.72
901;4602606.6;1975710.4;2086591.12;25487.32;514817.76;15000;405663.81;510357.07;2117687.59;374660.84;500699.08;1515900.5;8526674.99
701;6792166.61;3359984.45;2045775.17;617333.11;769073.88;3154.68;300452.93;124074;466153.22;298787.58;979036.18;1907161.22;8963825.2
102;9625885.67;4105708.65;4544267.8;56230.11;919679.11;440160.42;189728.39;32895.59;1145638.33;1354135.16;1014378.65;3758277.41;13802822.21
801;56721838.69;20124777.6;28316960.8;5103990.94;3176109.35;251109.3;357843.66;347694.33;439738.4;559808.07;19156050.87;12493406.86;77834083.32
1501;13404309.88;6750716.58;5306057.75;24941.4;1322594.15;23975.05;52818.79;87150.31;757483.57;602077.69;425838.27;4093057.11;15353653.56
1402;7702207.22;3021362.75;3306450.37;359392.14;1015001.96;0;44401.1;40445.59;144611.43;775985.04;2244089.94;2194867.19;10951740.32
1001;21475657.24;6922115.53;11338675.46;439681.58;2775184.67;3757.45;145500.17;16545.9;601405.45;1347591.85;3221330.02;5901569.82;26811788.08
1502;10570846.43;6529833.81;3256986.85;91043.95;692981.82;10000;122647.58;34656.93;223454.48;250322.95;748468.66;2209171.15;11960397.03
802;5234589.55;2817384.68;2006897.96;12224.64;398082.27;331887.36;1406.97;134539.9;137896.25;2510771.13;860877.44;1657379.69;9211968.6
1101;18103100.62;9467762.57;6615718.17;239288.63;1780331.25;153607;2512262.9;8425.5;2644131.51;193810.55;1474367.24;4586103.51;25089705.32
401;6665991.17;2855129.3;1874043.04;1189229.74;747589.09;0;297420.67;56925.84;259642.5;645850.16;1093843.72;2133970.17;9019674.06
1701;10064225.72;2845553.15;5688593.17;837574.48;692504.92;58549.62;126941.9;214411.78;1493816.66;554536.44;9063218.82;4781239.72;21575700.94
803;7480937.47;3185302.6;3058777.56;51663.28;1185194.03;139704.12;84706.93;51976.92;194335.46;460894.8;689944.18;1853639.31;9102499.88
201;7270012.05;3535352.5;2479972.9;168712.72;1085973.93;0;243389.76;425110.55;326569.68;1172187.35;1176027.55;2286172.72;10613296.94
1503;57563370.31;28169769.88;21682918.29;429353.28;7281328.86;477745.37;754431.9;1537020.32;1586245.22;5544008.08;5905102.58;12354971.22;73367923.78
902;6643198.18;3063712.85;2511747.05;161559.97;906178.31;16057;596583.19;119556.79;651704.54;450551.66;821264.93;2707281.18;9298916.29
1403;10647321.28;4579593.97;4476694.35;117548.11;1473484.85;422827.87;422097.68;12945.48;284404.21;574847.15;709524.77;2604689.55;13073968.44
202;7965026.2;3892694.55;2599302.6;39438.18;1433590.87;9250.52;752150.08;119439.87;662985.9;544724.42;1006771.87;2539303.49;11060348.86
1404;4733369.57;2701803.17;1263574.37;266817.5;501174.53;0;17355.08;134.58;11552.26;95841.14;1013492.08;1249138.36;5871744.71
1201;4855052.67;2645501.77;1642185.08;24084.54;543281.28;20975.07;34149.65;72779.69;308178.95;436184.16;491952.81;1534933.72;6219273
1002;4183438.06;1541058.9;2156844.48;101311.38;384223.3;0;641757.85;2124.57;662023.17;1402841.75;861298.75;1931698.04;7753484.15
203;3484116.05;1987521.42;940173.13;4622.46;551799.04;31;23059.06;90098.81;160981.37;177482.34;166593.12;1081338.71;4102361.75
1115;63275561.28;26644144.72;27494953.44;359447.88;8777015.24;1352068.27;1133606.43;974635.42;269801.21;2550751.73;5062977.94;15752520.14;74619402.28
1301;21433950.6;8893364.98;9374643.53;207653.22;2958288.87;332377.05;2314241.84;32416.73;1486983.09;268363.98;4244722.1;8033387.94;30113055.39
301;8018556.08;3781988.87;2892501.51;136953.62;1207112.08;16543.75;443272.48;442447.54;154666.38;289498.31;2231713.93;2438261.06;11596698.47
103;10629165.37;4176281.1;5405539.88;172584.01;874760.38;26678.8;1505667.81;2293497.22;1004713.66;534386.23;1312218.09;6254960.9;17306327.18
4301;9817100.23;4856586.34;2760482.3;131359.43;2068672.16;646699.39;1377230.06;252470.22;2318463.57;927926.67;2904919.7;3228707.34;18244809.84
1003;6273134.4;2242388.88;3198929.49;278666.9;553149.13;41300.33;366693.31;148964.51;909981.42;421184.9;1770589.55;1987675.89;9931848.42
1601;11990402.47;4898259.31;5948297.74;50386.63;1093458.79;334302.21;1978293.83;801898.88;1508169.53;1614203.17;2574495.84;4560090.76;20801765.93
601;7744409.68;3346504.89;3275958.46;107397.75;1014548.58;72500;29210.7;244508.25;811278.99;389577.31;1677385.05;2371495.93;10968869.98
1801;6035866.24;2911885.53;2331564.38;269723.67;522692.66;74950;424652.18;11225.26;2264534.42;299193.97;1102287.37;2577605.19;10212709.44
104;10337604.86;3584395.92;5282064.32;83987.47;1387157.15;45997.56;740043.12;208422.81;930451.36;1398249.07;1628386.37;3249196.51;15289155.15
702;6024507.74;2868552.1;2204190.65;52584.04;899180.95;59191.03;59079.67;2263867.52;3231.41;427044.29;1131241.74;2352622.82;9968163.4
1202;3548675.01;1790709.8;1318382.22;11996.93;427586.06;108291.96;684679.06;7091.87;51802.23;413437.57;336084.41;1286544.15;5150062.11
1102;7792893.71;3742303.14;3428933.97;113117.24;508539.36;411.72;225204.33;145065.37;205453.78;208078.45;1039289.43;2149454.38;9616396.79
105;27009583.36;11709864.97;7316424.4;1781214.25;6202079.74;3126941.29;615625.56;87685.86;288383.23;1514716.6;12188389.83;6312097.22;44831325.73
1203;5765395.12;3296321.57;1895086.67;106610.45;467376.43;18010.92;66605.56;41242.98;171300.58;510819.17;664643.93;1818418.37;7238018.26
1103;10053526.41;5520910.62;3078439.8;248228.98;1205947.01;126748;32990.65;36949.05;119302.2;131628.43;2167559.26;3143979.48;12668704
1302;10076866.37;4825772.01;4195329.58;56619.17;999145.61;32327.05;1404176.44;219840.84;757648.8;566697.16;1411017.45;3006640.42;14468574.11
302;34079604.42;14458008.54;14665791.22;298073.23;4657731.43;175493.1;1309754.21;118316.4;3999755.68;1177542.18;17719489.1;10943311.83;58579955.09
204;3016442.5;1827295.2;451194.45;31126.94;706825.91;4761.77;7993.28;0;49515.01;111685.42;449136.04;880978.04;3639534.02
1504;32310054.36;14642959.55;13125303.09;531848.12;4009943.6;38430.75;205366.61;767056.87;467252.26;3004173.59;3924337.99;7109874.74;40716672.43
1004;7096361.59;1839443.67;4259777.99;21384.22;975755.71;0;195606.01;64198.15;662914.72;214358.08;635508.16;1878272.23;8868946.71
205;17594020.29;8266043.47;6393796.82;182387;2751793;615.89;771776.13;318277.76;902057.95;452889.75;2188105.93;4510497.13;22227743.7
501;4421248.49;1148519.92;2714326.04;60017.85;498384.68;75370.14;52628.1;13342.01;598952.99;289722.45;650875.14;1294593.01;6102139.32
1405;12801614.76;5723697.55;4746841.69;12610.21;2318465.31;18533.93;1075851.11;74521.5;186643.81;608101.74;834984.93;3268004.73;15600251.78
1005;7186454.86;3246883.19;3357372.92;171289.28;410909.47;0;993274.5;232035.83;33549.47;100803.33;1003314.47;2408126.34;9549432.46
703;5636301.54;3098893.67;1977436.94;281768.66;278202.27;0;29278.51;36270.66;26996.96;572604.87;1190827.93;1730596.72;7492280.47
1702;5585032.97;2337730.58;2468200.53;20787.51;758314.35;37545;0;254899.23;521273.34;1081098.87;770123.73;2021508.13;8249973.14
303;57859212.53;24503119.6;17076189.22;470493.51;15809410.2;0;7913531.99;14839.87;2626715.11;2307869.25;16414702.35;21329791.86;87136871.1
402;19894200.91;6713685.98;11475937.31;162051.16;1542526.46;129390.19;775185.58;388417.72;1344036.75;425902.02;3104820.69;6504285.1;26061953.86
304;8789942.19;5123606.17;3251168.03;153402.66;261765.33;195396.56;317544.03;425578.72;1109484.69;739354.89;1391278.7;3099009.21;12968579.78
1104;8300526.65;3692212.53;4014163.05;46408.71;547742.36;2000;626768.27;30641.83;494182.81;222793.59;362987.57;2079175.4;10039900.72
1006;15791515.63;5264488.78;7614773.35;70677.69;2841575.81;2625000;822371.46;30053.39;2724973.96;3224459.33;1661448.81;3902986.71;26879822.58
3101;6170218.42;2401382.64;3102502.7;138089.11;528243.97;88105.78;68230.5;57203.95;1088381.78;319990.13;1290799.79;2113275.46;9082930.35
4501;2527505.76;1693438.29;599396.16;139588.08;95083.23;0;0;60182.91;903689.49;60801.54;975642.27;980402.87;4527821.97
3102;7262508.29;3813041.74;1947759.39;182854.54;1318852.62;155850.93;68171.25;551887.15;2495280.69;1412293.68;1685314.52;4391708.78;13631306.51
1602;13473934.5;5352178.9;7057772.17;136858.31;927125.12;0;159438.55;1237237.61;636911.43;438862.46;1112173.59;3509766.84;17058558.14
1204;7096901.24;3295698.47;2744406.22;125964.14;930832.41;949461.49;3665207.25;17569.98;530100.58;302295.21;148024.9;3248058.92;12709560.65
602;12033003.71;4888801.73;4352418.75;333609.33;2458173.9;264602.54;1156273.31;9971.11;664840.12;755521.92;4347029.96;4001227.79;19231242.67
403;5136530.82;2523405.81;1407768.25;26094.26;1179262.5;32960.69;48566.22;11781.47;240394.19;687904.54;1042326.77;1779153.58;7200464.7
1802;4669392.11;2063220.89;1887719.9;36066.62;682384.7;28867.56;22193.37;38285.61;317897.16;150278.89;547658.51;1398767.8;5774573.21
1406;16194205.67;6144150.9;6849659.08;509547.81;2690847.88;104583.66;1682679.33;304489.36;763364.72;2855743.56;3915687.87;3308383.64;25820754.17
1105;113427626.6;32494974.4;63928827.2;1263474.09;15740350.93;1661849.23;2323365.76;454900.05;5850076.43;3129478.88;16613422.18;34489826.62;143460719.2
1007;3054689.19;1371008.87;960946.66;380649.08;342084.58;0;41509.21;4318.93;31704.53;66128.33;1456252.68;1014689;4654602.87
502;18116198.26;7049080.13;7773452.81;109795.7;3183869.62;1105365.5;4041644.6;317734.17;2231910.49;1634546.87;7171066.75;9342638.79;34618466.64
106;7395932.21;3081419.66;3110088.35;326140.53;878283.67;85805.5;76788.99;78369.86;275235.85;312591.56;1282746.67;2171599.5;9507470.64
1205;4157881.96;2381946.63;1412333.95;4460.2;359141.18;21108.19;995397.55;30116.62;304188.58;207745.74;198713.95;1345429.15;5915152.59
1803;10206070.68;3880874.54;4888873.25;24262.36;1412060.53;39174.36;148695.15;192326.4;2218327.25;557189.13;637032.1;3727044.99;13998815.07
804;8800499.61;2619290.92;5192742.09;88128.82;900337.78;568835.22;8546.13;171597.2;1564767.76;446994.8;583943.45;1877248.95;12145184.17
206;7720736.99;3641934.06;2648863.23;43049.18;1386890.52;7309.09;184302;176750.67;167488.34;1144080.12;1442064.39;2145233.36;10842731.6
903;6272466.93;3210367.22;2263209.21;278117.37;520773.13;5000;204129.23;919.03;1036394.52;304343.48;1395732.46;1931170.99;9218985.65
305;10008328.04;4666070.6;4025419.8;516675.38;800162.26;111191.17;57184.8;0;284713.82;719673.62;2097129.79;2942500.53;13278221.24
1407;6128296.7;3100977.85;2139049.69;82706.11;805563.05;1980;55895.11;199959.7;552406.36;160983.59;1375556.49;2128595.51;8475077.95
1703;32288867.31;9150227.19;19505143.96;1813530.37;1819965.79;1772.17;3768865.49;507662.31;3281864.5;7201965.02;4810257.62;8496338.25;51861254.42
1804;10127399.57;3831693.82;4151686.15;18999.37;2125020.23;85803.6;510629.81;387959.07;1139916.47;931535.35;1113162.89;3188927.01;14296406.76
603;59937750.13;26111048.55;19851751.73;881409.39;13093540.46;889907.36;1482805.63;126802.06;1189706.48;2121439.87;5424929.44;14478013.56;71173340.97
604;8294068.4;3463391.73;4102373.89;43984.17;684318.61;0;68995.94;210094.24;350351.35;915946.7;1124487.29;2315213.96;10963943.92
1408;4141682.65;2110977.82;1650109.77;61468.72;319126.34;21930.41;181306.46;31361.37;15271.9;67426.23;748032.25;1078705.7;5207011.27
1409;11135215.62;5764203.32;3736447.9;69027.71;1565536.69;105171.44;370950.1;20594.31;1914943.28;2084178.07;790628.32;3967198.29;16421681.14
4901;836556.53;493275.5;325368.17;6199.11;11713.75;32167.34;1180;102427.41;8971.24;665523.33;129619.64;586608.05;1776445.49
503;14216571.41;5923417.16;5536328.09;557801.92;2199024.24;495275.6;712221.49;73109.86;2070541.24;1351949.91;5532734.77;4737213;24452404.28
1206;5124600.18;2259843.54;2309470.33;44286.74;510999.57;13225.13;138840.25;175273.47;212686.2;397256.48;943869.05;1484231.59;7005750.76
207;3888611.7;2085792.89;1244311.7;23584.05;534923.06;475;12850.53;175978.07;173033.39;101461.93;600564.83;1071501.07;4952975.45
1207;18828305.32;4743448.49;7612713.76;10372.41;6461770.66;558364.8;499271.15;12640.53;1676592.49;1013392.77;240979.81;4186674.51;22829546.87
1410;10481882.16;5176435.04;4572739.14;276529.91;456178.07;12712.3;2083944.14;36721.61;90911.26;1930563.76;1061927.4;3124452.04;15698662.63
107;19199169.23;9216737.15;7904394.85;378915.72;1699121.51;55902.31;4078232.81;212051.7;616104.5;3208384.97;3520091.02;6307272.76;30889936.54
306;11746607.6;4178027.93;4952950.49;62851.8;2552777.38;37500;1488315.43;0;633943.27;259605.42;1827486.81;3309154.79;15993458.53
108;8820699.93;4382188.7;3347627;101900.16;988984.07;477041.87;357218.35;363500.15;1046442.02;500404.02;1811043.81;2976462.69;13376350.15
704;9786940.71;3765021.92;4372344.73;233076.85;1416497.21;282343.07;22041.5;111621.46;290611.17;320916.34;804550.46;2834129.15;11619024.71
705;40914908.63;18166397.8;18597761.74;2545263.41;1605485.68;405431.79;1736598.59;88183.29;1300334.39;590279.52;7478122.69;10135029.84;52513858.9
307;18405965.32;7576950.39;7151645.5;126691.79;3550677.64;2963420.15;1390021.44;229487.77;1230589.49;1203658.11;3872602.64;8354472.95;29295744.92
805;38684922.86;13714459.13;16345803.41;2012497.69;6612162.63;2092375.44;3771470.32;123365.78;3233192.89;1657155.35;8908052.66;6705465.18;58470535.3
1303;25435707.16;10463557.15;8594024.81;135216.81;6242908.39;574648.2;1132480.69;1862668.66;885694.28;1213648.19;2419614.86;6912182.47;33524462.04
208;7693860.09;4205202.52;2455504.82;101024.87;932127.88;3832;380827.17;56063.42;350828.09;359842.9;905026.11;2352214.08;9750279.78
1411;6320972.99;2313721.83;3293661.67;113624.56;599964.93;0;215129.84;0;371273.09;337241.93;691043.07;1757994.07;7935660.92
605;25479595.95;10139156.89;10318142.27;1826181.44;3196115.35;244006;1348304.09;151143.16;1332886.38;1561897.79;6492905.4;9978146.75;36610738.77
904;6265959.29;2455291.01;2718393.39;98628.32;993646.57;21867.53;197683.23;68674.88;2841.3;293814.23;3402344.66;2000706.31;10253185.12
1008;5208014.16;2803958.77;1813654.23;221387.59;369013.57;1266.27;54098.37;1066.03;79474.16;580866.49;1042610.9;1627072.54;6967396.38
905;4045675.38;1730586.76;1464867.71;760598.85;89622.06;627.3;7711.05;1599;59921.55;74006.06;1249553.18;1198172.31;5439093.52
404;6941301.01;2918827.34;2694583.41;931263.21;396627.05;114613.78;338703.47;0;142313.98;1000850.67;1162672.74;1660784.75;9700455.65
1208;3953685.61;1654836.16;1750838.77;28500.61;519510.07;0;46894.98;5925.29;625275.28;364505.41;357087.28;1233237.3;5353373.85
3103;57791107.83;30407727.73;23147047.75;1003764.7;3232567.65;272849.2;1453271.73;1275140.9;2888749.99;1765298.63;8679318;14784634.97;74125736.28
504;15820651.03;5955174.74;6386711.68;2341948.21;1136816.4;144202.83;195391.44;304907.94;933141.8;2405374.13;6051843.54;4941284.84;25855512.71
1209;4577219.37;2144416.51;1827040.18;16010.59;589752.09;176671.52;149737.75;119205.27;282514.93;725282.8;382440.65;1465172.52;6413072.29
606;5658462.88;2941923.35;1894268.24;35627.99;786643.3;690;36452.65;225901.72;275796.78;255846.26;456473.54;1668592.36;6909623.83
1412;4270714.19;2102646.64;1791784.41;31953.02;344330.12;100375.63;122821.92;29024.85;89570.06;706660.88;567529.46;1506851.54;5886696.99
1304;47779218.25;22214722.9;19795448.23;389105.84;5379941.28;1072730.55;3099705.82;34474.46;4056099.75;2545671.52;4569267.34;12380934.07;63157167.69
906;7174175;3378319.71;2822405.29;87588.27;885861.73;153647.84;263775.54;57807.47;2265045.1;1004631.26;1412893.66;2383420.98;12331975.87
1505;15324033.23;8549793.73;5199752.33;143262.46;1431224.71;83726.66;182958.91;94283.37;1323782.24;782806.9;1472529.6;4163204.35;19264120.91
907;19139988.91;9148013.99;7958066.31;877195.42;1156713.19;10975.94;719435.93;107068.48;2997121.12;278810.92;5121477.29;5494858.7;28374878.59
308;53537907.42;23350740.46;18508094.44;557921.74;11121150.78;977546.25;2906870.64;0;1902630.75;5074286.6;8395268.74;14183660.92;72794510.4
4701;6424592.81;3439481.85;2136230.94;68057.87;780822.15;0;7136.64;2413795.32;1402000.84;328535.46;1138300.67;2677950.66;11714361.74
505;12013945.09;4379398.05;6335287.71;40807.91;1258451.42;131717.28;582257.53;121582.82;757909.71;1739703.85;1139606.71;3560710.38;16486722.99
110;13365569.18;4989450.1;7427156.11;412839.7;536123.27;472565.28;302367.84;1872538.2;767524.56;2456975.84;3671416.38;3744295.73;22908957.28
806;21506192.92;6476431.17;12066052.83;285962.63;2677746.29;0;185208.45;335201.15;207953.71;1613583.57;1518168.81;4511068.55;25366308.61
4201;6652838.57;2706829.63;2830976.59;81444.33;1033588.02;0;35922.54;59438.75;862393.19;575423.26;1372021.36;2395957.65;9558037.67
807;35317224.03;11761726.22;17811451.78;1080178.95;4663867.08;837033.99;676942.86;579863.25;444235.83;567381.9;3131215.36;6838713.75;41553897.22
4801;1665843.18;1102795.05;444311.16;12990.01;105746.96;66000;94493.92;138204.7;1856673.76;611649.1;558241.98;1664546.03;4991106.64
4601;3079026.78;1729302.83;935728.17;159141.75;254854.03;12000;495674.56;286093.62;1566008.85;189328.78;1402845.56;2283804.19;7030978.15
1805;13344228.56;4602505.83;5867586.61;687147.42;2186988.7;9000;1491720.87;296575.16;1962637.51;241757.13;4262278.56;5140471.71;21608197.79
1009;36975448;12320471.2;14605738.66;1274776.5;8774461.64;16536;2671021.51;300799.28;2533764.1;4100576.76;10645776.28;9241372.51;57243921.93
1106;441940695.4;216512163.4;132540525.3;7260017.5;85627989.16;11384284.67;9388069.8;4096554.46;10909192.09;32993013.17;129288439.4;105089047.89;640000249
808;57787460.46;25771145.76;26582007.28;589169.64;4845137.78;691747.4;3828959.78;2943775.53;4749489.73;3279760.41;18847684.63;15720474.72;92128838.58
1107;84066571.6;38008150.63;32103516.23;1128635.25;12826269.49;454188.82;3182033.59;307723.99;476128.55;709524.42;13385106.56;23736855.67;102581277.5
1108;14438381.81;5794903.78;6416295.07;266092.34;1961090.62;444236.96;1458311.25;170130.51;290656.66;386403.8;2185364.66;3678116.82;19373485.65
607;10006886.24;4254744.48;4915091.77;91269;745780.99;61565.19;671073.56;472838.66;637623.9;996518.31;645894.33;2642430.79;13492400.19
1305;19295469.06;9759379.25;6996383.85;189946.3;2349759.66;50000;1847747.96;758643.45;391827.98;341342.88;2398491.9;5405244.99;25083523.23
1413;6977201.33;3163272.06;3173417.85;30048.45;610462.97;0;244568.26;105251.68;765743.43;196648.95;277096.88;1973032;8566510.53
405;12086137.28;4638503.88;6325027.27;61315.38;1061290.75;190714.5;0;39535.4;1036602.91;338897.36;2221990.18;3286752.09;15913877.63
3104;13314434.08;3463405.26;8050209.77;610092.29;1190726.76;9500;0;33872.8;1277619.47;101382.66;1527611.37;1870358.62;16264420.38
4602;3809692.5;2267299.53;1126940.31;22301.44;393151.22;0;222139.67;103423.58;2241998.16;207786.75;605775.77;1793492.9;7190816.43
1109;39957337.91;13929910.11;21843671.77;112750.89;4071005.14;78428;188490.04;686942.34;5084495.88;2256141.38;3888773.37;9898457.83;52140608.92
1306;39706547.35;18567367.45;15434195.89;1723483.57;3981500.44;237729.23;3310949.89;4738597.12;1537521.36;1031912.79;8899173.96;9588935.45;59462431.7
1806;9989426.22;4592825.23;4435727.71;401184.75;559688.53;15536.46;1106706.35;732153.95;1706892.62;568375.13;2014245.55;3413363.11;16133336.28
908;3457309.92;1300144.92;1380262.55;24938.18;751964.27;10247.92;0;131544.49;122410.86;797133.54;600280.74;1335671.11;5118927.47
1307;17475330.16;6875721.53;7498395.78;457410.02;2643802.83;32296.87;318478.2;524155.14;454997.81;564060.3;5895091.3;5208824.34;25264409.78
1010;15641811.17;5403826.48;7784015.37;21997.88;2431971.44;58158.19;678953.67;599546.06;705187.13;1480038.36;801926.18;4108361.35;19965620.76
1210;3442323.47;1736929.25;1314990.46;7237.32;383166.44;808643.91;18704.86;177894.45;144897.78;280210.15;236301.21;1033469.14;5108975.83
1308;68457715.38;29702027.6;25465524.66;706241.51;12583921.61;4384128.02;3853050.89;632314.7;1623537.48;2511746.35;7199260.91;16347878.81;88661753.73
111;8808666.74;4523811.59;3680237.91;0;604617.24;338138.35;2761281.69;164037.91;1522370.31;433130.04;2143389.89;3138213.3;16171014.93
909;6487092.04;3041528.33;2838401.08;275757.73;331404.9;83597.83;143603.48;199286.87;423133.31;112319.29;353485.68;1817393.33;7802518.5
1603;7635704.25;4584277.87;2430238.89;175949.22;445238.27;16406.51;207386.28;681715.97;899062.11;202690.96;1531637.87;2418588.58;11174603.95
209;9023273.26;4634782.56;3218786.66;41209.92;1128494.12;168717.35;77494.26;112755.78;1890881.73;739355.84;1325824.02;3230990.87;13338302.24
1704;3377725.42;1999830.21;992940.96;210558.42;174395.83;26089.58;239886.01;8897.37;159252;156972.56;1021036.32;1200809.92;4989859.26
608;7800425.09;3609526.91;3771562.97;15728.81;403606.4;0;176900.34;298253.52;242249.89;499762.59;1087794.79;2067702.12;10105386.22
609;6467194.2;2919176.04;2923356.53;29116.73;595544.9;75119.67;5756.4;165692.11;196740.42;746374.08;663582.89;2897022.04;8320459.77
406;7392096.98;3129185.83;3429586.79;254290.64;579033.72;6718.4;144855.59;173153.58;475656.08;1037529.46;1193386.67;2258929.93;10423396.76
407;15168166.19;6382566.56;6611142.66;925110.09;1249346.88;68995.35;2315620.03;227876.38;922775.92;1040326.62;2184647.44;5200433.38;21928407.93
408;8839692.22;2808426.4;4883520.87;28629.27;1119115.68;13845.92;172529.26;113524.52;161660.64;2141619.87;1155223.76;3159208.76;12598096.19
1807;7219105.26;3001476.55;3227692.04;271644.13;718292.54;301540.19;177167.91;170824.67;1135713.66;638140.03;1876583.56;2748409.56;11519075.28
1506;24497960.8;13950877.3;7039851.35;150702.43;3356529.72;17030.45;263438.86;539830.27;487107.36;1576319.68;2902992.76;9503071.56;30284680.18
1604;9445338.55;4502906.61;3769116.32;140026.48;1033289.14;61774.46;334760.97;169150.69;616351.95;602092.7;3514211.71;3349627.68;14743681.03
809;6355639.35;3575672.03;1855953.83;23100.76;900912.73;17000;26788.63;761164.53;422142.13;655907.85;1401730.15;2356284.4;9640372.64
1705;5052382.57;2644867.64;1776262.67;272548.64;358703.62;72560.05;320837.03;27707.08;91328.12;154114.54;1501788.51;1752407.52;7220717.9
1211;4149546.79;2490409.14;1129043.31;57772.08;472322.26;0;132980.33;91.94;72113.32;88807;860098.36;1247341.98;5303637.74
1706;10629507.83;4230926.32;4017481.85;25451.54;2355648.12;385411.94;883437.85;799378.91;2325498.5;821814.24;1278617.75;3676230.37;17123667.02
706;13087759.73;6612634.13;4797112.99;113724.39;1564288.22;36513.38;767259.94;238095.74;419137.7;851530.94;1315041.04;3686265.88;16715338.47
610;10454671.92;4083825.15;5095814.15;598500.81;676531.81;0;176927.44;732597.85;611942.63;1180505.36;1443432.39;3069837.25;14600077.59
1507;21656751.94;12845214.67;6225981.97;129517.66;2456037.64;103122.68;584274.44;71970.06;275696.5;352037.39;1315678.68;4703995.82;24359531.69
707;4452180.71;2348380.59;1330078.37;21596.45;752125.3;7075.77;44530.16;81157.88;363193.84;295040.52;389894.91;1325842.28;5633073.79
1808;5881211.39;2540716.57;1873344.55;39495.5;1427654.77;82416.42;66026.11;247029.19;920340.5;301042.98;752733.84;1804863.79;8250800.43
210;10584420.59;6075346.32;3421205.15;110020.09;977849.03;92088;132082.45;320536.93;935188.19;917775.35;1701154.08;3154634.26;14683245.59
708;4589104.72;3028574.39;1080075.38;210605.53;269849.42;3369.65;0;23196.54;14747.35;70599.89;315482.95;1282909.21;5016501.1
1707;4776440.47;2360698.61;1890080.47;242456.91;283204.48;0;35841.64;11124.15;291248.36;91816.92;1358085.84;1481451.06;6564557.38
112;3984159.47;1734599.86;1746065.69;9088.28;494405.64;554647.02;146618.26;66308.62;697106.33;1065725.95;255884.68;1259469.45;6770450.33
1011;8741551.02;2960675.14;3351729.05;954601.31;1474545.52;544.83;50020.92;32743.63;58148.91;851305.86;1797860.8;2490322.9;11532175.97
1809;6993934.24;3083930.57;2442844.15;596493.63;870665.89;69085.6;27057.8;65959.67;400776.2;187950.74;1181800.23;1809511.08;8926564.48
1212;7043681.95;3993109.12;2216025.77;57665.12;776881.94;397.3;2334160.23;936.25;53049.96;246795.64;1726635.3;2628380.7;11405656.63
4202;3609450.18;1505856.15;787776.66;630656.79;685160.58;74968.5;116637.74;85311.96;957909.94;81979.22;2002008.07;3307262.18;6928265.61
1012;12287864.55;4875956.45;5412817.39;287218.95;1711871.76;335796.81;3649721.38;81799.81;203292.34;774232.3;1679045.44;5789968.82;19011752.63
211;18980067.74;8046450.04;7064287.09;77941.09;3791389.52;100425;606804.4;208600.45;574956.95;2116621.38;2356447.65;5562767.2;24943923.57
1116;53053916.25;22733103.96;23897825.83;606249.16;5816737.3;4649.75;642818.13;94478.58;791014.47;438396.76;9391807.88;10747209.37;64417081.82
1110;76440474.32;33125802.39;29998859.3;2445694.55;10870118.08;6685101.94;8151368.53;5077078.94;2542440.21;5730912.68;4185331.38;30628690.56;108812708
506;5585228.34;2138504.13;2585989.59;30331.07;830403.55;1920;311824.81;53165.12;1310113.06;680704.63;746131.54;2206564.76;8689087.5
810;18963850.79;8197154.95;5523460.58;361546.23;4881689.03;11186;95024.95;251072.84;29621.28;853589.21;2693910.27;3978840.79;22898255.34
113;21923944.97;9835467.31;8432895.54;425560.74;3230021.38;1484059.36;1890593.13;1127978.24;1754391.66;248800.27;6437335.87;7953719.37;34867103.5
1810;5449039.08;2735117.68;2281031.16;81944.16;350946.08;0;1835757.65;1224577.88;1089705.52;952013.35;1350959.6;2039414.31;11902053.08
114;9398067.02;4326124.93;3724828.35;140002.04;1207111.7;399220.6;3668026.8;115700.69;1917478.01;333151.23;1744249.2;3631675.66;17575893.55
611;10477425.67;3858385.79;4769642.25;57162.79;1792234.84;81352.57;482454.11;455970.43;659941.92;445194.84;1252932.41;2975863.44;13855271.95
1421;21227201.28;6569236.03;11383378.77;401983.33;2872603.15;266764.77;1126126.74;98185.09;401828.97;945426.96;6790056.32;5658676.41;30855590.13
212;6500035.52;3954630.29;1538356.56;89931.07;917117.6;20268.61;89483.34;44671.24;918108.01;379552.39;1862447.08;2333946.52;9814566.19
115;18342515.64;7310341.71;7681570.81;131143.6;3219459.52;852382.7;394289.34;41735.67;2153226.93;1404573.54;2134013.91;4832826.08;25322737.73
1309;16873706.76;6916059.35;6978075.81;982435.42;1997136.18;61297.57;1717683.11;18897.35;1172000.89;896126.49;2296828.78;4164212.47;23036540.95
1508;33829720.23;17606603.76;13219782.11;478674.15;2524660.21;202970;704278.52;101998.21;922400.1;341088.15;2104892.89;7801301.65;38207348.1
612;7635753.76;2467325.25;3667577.51;1422.93;1499428.07;80105;323615.55;127027.53;757095.07;762290.5;355888.52;2328329.14;10041775.93
1310;29471255.51;13534117.16;11890153.41;840471.77;3206513.17;136939.15;3637604.07;132530.82;3559568.81;1241958.7;4794211.34;11233115.73;42974068.4
1605;6644771.03;2903982.57;2735159;420979.1;584650.36;0;510911.44;1545471.2;425352.76;141211.06;1706300.78;2655353;10974018.27
1013;4462771.7;1433592.25;1871427.24;570045.65;587706.56;17250;214608.19;72423.9;306802.12;410614.23;443073.52;1236689.94;5927543.66
613;7333751.36;2613649.08;3643701.05;36203.09;1040198.14;28960.74;864909.24;255568.9;1749438.57;721040.62;911984.66;2685711.73;11865654.09
1311;22550968.29;11104610.02;8298689.73;267001.58;2880666.96;197668.74;4880018.69;1059821.77;3640876.89;1700973.04;2578137.03;8479811.22;36608464.45
1811;4900239.58;2250644.36;2032761.15;15696.15;601137.92;53443.12;124359.7;130249.5;1247374.37;542387.26;728887.05;1734968.82;7726940.58
507;4970191.12;2041740.51;2492522.19;56911.28;379017.14;0;1055841.37;544360.52;303609.72;1045410.62;646777.18;2192699.42;8566190.53
1812;3993524.41;1669856.52;1806278.12;0;517389.77;245280.15;220678.99;468494.57;174654.53;997455.87;203642.62;1344484.6;6303731.14
614;4699641.32;1921622.12;1889586.79;171171.81;717260.6;5130.99;227844.85;34537.62;422518.62;161853.95;704297.95;1434063.59;6255825.3
1014;13179157.16;6017589.24;5494138.63;115991.64;1551437.65;62382.54;356337.68;13377.88;180546.87;504156.5;947819.62;2781053.42;15243778.25
1708;9780708.6;4405676.24;4018287.51;384733.75;972011.1;22622.15;2763664.62;246724.26;839542.68;810183.7;1415561.51;2926099.79;15879007.52
910;7299518.31;3151436.61;3309048.3;156281.21;682752.19;0;717538.37;101033.85;533553.23;196261.1;1387989.31;2312019.84;10235894.17
1015;19458176.55;7157915.2;8496997.65;79516;3723747.7;152846.66;2864805.94;9098477.04;3564825.07;3911389.32;2743376.12;8216841.22;41793896.7
4203;23706415.72;11843870.82;7694983.58;311053.14;3856508.18;159046.11;3289448.89;752725.22;348560.46;2275842.71;3483484.25;7604760.55;34015523.36
3105;3791392.53;1524455.67;1822518.47;10218.11;434200.28;16812.76;70580.16;52120.37;344825.87;69911.57;573605.79;1159067.48;4919249.05
1606;7903407.7;4038596.57;2769084.56;112950.18;982776.39;189287.5;956472.58;95479.29;473691.09;658834.7;2079400.05;3208974.39;12356572.91
1607;18546630.1;7775535.4;7269518.08;6477.93;3495098.69;119260.47;1070389.98;265014.2;240416.33;2086814.16;1520155.18;5738328.47;23848680.42
1213;11170347.85;4731167.18;3942844.85;3216.25;2493119.57;284163.73;149110.99;1259790.39;1114140.28;2272443.86;584112.28;3632832.92;16834109.38
1214;10884258.65;6107774.38;4201909.23;281544.17;293030.87;239949;1123881.56;107623.37;342255.98;686277.76;3729255.4;3167883.63;17113501.72
709;7385607.88;3561274.48;2732243.9;39244.49;1052845.01;10853.75;433950.41;95461.41;107087.8;107629.35;338573.63;1867074.78;8479164.23
811;33858760.15;14009673.3;6451206.3;4399457.19;8998423.36;281287.4;1118065.52;5251.83;811279.96;1437519.98;7355625.34;6665117.11;44867790.18
1312;120928827.2;56303553.2;46679683.3;2722486.21;15223104.49;2846411.87;2749148.89;610607.55;4495652.53;2430719.58;20593487.52;37413374.24;154654855.1
1016;11555650.75;4610720.29;6036860.3;34459.42;873610.74;271119.57;362019.16;589678.91;1267646.79;658665.57;870026.7;4609023.79;15574807.45
3106;3066998.92;1255543.2;1334882.03;50940.98;425632.71;0;2788.92;53394.14;195735.03;150425.84;330981.7;916488.91;3800324.55
3201;3287860.55;2122847.69;893387.33;55067.84;216557.69;5164.75;0;1767.42;0;11948.48;392401.45;765697.53;3699142.65
309;9361230.58;3994259.27;3830473.67;201634.15;1334863.49;76000;509298.18;98896.29;721517.82;696383.12;2108884.78;2709213.69;13572210.77
1313;27961839.9;12147203.01;13382694.4;254142.52;2177799.97;659184.16;4619969.09;279702.57;1681679.84;1050052.61;3765349.11;7635611.71;40017777.28
4204;3441459.97;2753578.85;480870.11;48754.33;158256.68;54.19;134166.16;174296.57;16388.27;1246912.56;1754302.55;1385428.57;6767580.27
4302;6150692.03;3431653.52;1331562.21;299073.01;1088403.29;349608.17;133950.99;1699.15;255106.31;432451.93;3680815.17;1913385.94;11004323.75
508;6675671.21;2671248.78;3101385.11;18183.02;884854.3;15657.41;225925.71;347795.51;157918.75;1102197.36;502080.12;2067587.83;9027246.07
710;7162329.71;4030275.11;2318308.97;2244.97;811500.66;25422.65;84375.43;62205.05;458572.34;427246.68;106657.77;1681902.77;8326809.63
711;10038929.71;4488718.32;3899144.28;253134.3;1397932.81;2504.2;126697.58;173173.84;1605344.6;674970.49;972666.98;3386217.94;13594287.4
1813;7817510.97;4304553.47;2701896.77;153195.9;657864.83;0;322841.78;131195.01;186843.45;425192.59;849915.76;2199967;9733499.56
3107;4446623.76;1591993.61;1004122.26;1176059.61;674448.28;0;0;0;2033444.91;401501.34;1448091.69;1959602.51;8329661.7
1709;8722640.11;3454321.05;2932552.42;120495.24;2215271.4;131046.96;478950.75;1078409.64;1086934.22;932558.7;840346.11;2978550.22;13270886.49
4205;8324363.88;4885592.83;2809837.58;188109.6;440823.87;81794.73;539288.31;746360.21;1484077.14;2506708.31;2830016.82;4320209.83;16512609.4
1414;12031094.9;5496430.37;4929818.98;192767.29;1412078.26;11437.4;1179183.14;300694.41;1798872.6;427518.66;3299535.11;4745970.7;19048336.22
1710;5137881.01;2746707.85;2060619.42;20696;309857.74;23388.3;32540.98;181218.21;681034.27;440568.99;719172.59;2490779.45;7215804.35
911;10399712.11;3619839.88;4397731.65;38814.84;2343325.74;27325.44;347884.39;328858.12;846319.73;593345.95;668819.43;3372449.5;13212265.17
1415;8413835.12;3804343.35;3298353.6;47907.64;1263230.53;275000;2111149.67;47111.05;701617.85;536929.6;521421.87;2664203.07;12607065.16
1814;5799542.15;2470269.77;2753510.93;321835.07;253926.38;2113.66;22102.89;55716.95;224388.33;115659.62;1089792.62;1480813.32;7309316.22
3108;23204803.84;6514846.65;13400328.5;2952563.53;337065.16;0;198332.6;1053197.35;4841434.36;514351.16;2422539.74;3584267.18;32234659.05
4401;2570688.58;1160977.04;792821.95;43649.02;573240.57;149970.14;112224.17;69446.89;1061172.41;258304.05;261264.89;1671601.59;4483071.13
4802;1690562.01;1010373.21;522448.49;6904.77;150835.54;141261.28;1985968.87;10620;41600.2;44898.68;273737.32;756941.12;4188648.36
109;37232663.94;13831434.41;17205445.1;1433499.17;4762285.26;717256.37;5826325.07;3515587.61;1313617.08;2639073.24;6178252.24;13908876.43;57422775.55
1711;4839103.06;2022436.12;2345282.7;33748.3;437635.94;94981;512329.58;21614.04;189275.04;163761.13;583557.79;1423094.98;6404621.64
3109;4224198.21;1431385.05;1559761.92;577450.57;655600.67;0;0;0;817551.08;0;1353686.83;1466754.97;6395436.12
1416;34995507.23;13938808.69;12162417.79;2860197.7;6034083.05;127512.59;1908963;68742.5;1809643.77;1391459.69;6924315.86;6432126.54;47226144.64
1509;19594694.43;9730390.17;8006645.95;155877.64;1701780.67;0;162153.97;236087.75;628496.68;544520.11;2081559.08;4859910.64;23247512.02
1314;21878976.73;7960776.45;9461373.23;266850.52;4189976.53;5069.5;3689216.82;868742.08;1968020.15;1970450.12;3311787.25;6188258.14;33692262.65
812;7947741.25;3865344.8;3427984.7;16522.94;637888.81;360774.22;83435.92;48045.81;1034586.28;505401.72;422144.95;1965062.34;10402130.15
116;10456804.48;4619676.03;4450419;115514.5;1271194.95;140629.83;724832.44;64484.38;342252.64;2811922.93;1522921.93;3349146.94;16063848.63
1815;6093526.28;1690134.88;3765089.75;52250.22;586051.43;45000;20536.12;19226.1;553758.72;2249537.26;1526752.09;2584953.72;10508336.57
1816;10823003.13;6319476.81;3128630.28;285865.37;1089030.67;194913.42;1497844.33;110069.86;914126.19;857837.37;2138916.53;4104569.29;16536710.83
4603;2662740.2;1156061.5;868722.77;15312.03;622643.9;55.49;588.98;253902.72;53587.02;139383.43;948722.19;1072640.88;4058980.03
3110;3274602.28;1287078.47;1436052.19;48311.35;503160.27;2400;19812.22;226689.97;570338.98;598621.71;622200.02;1205162.64;5314665.18
1417;4750965.43;2762363.12;1517522.2;52090.61;418989.5;183.89;29925.72;16401.53;25032.26;256590.7;666609.06;1301072.93;5745708.59
1817;6014122.77;2966610.16;2459377.55;11212.41;576922.65;0;252983.23;836012.23;638445.27;1024279.08;826172.06;1878987.34;9592014.64
912;16463651.06;5091082.68;7668278.33;2751125.58;953164.47;51457.44;104146.62;167661.04;246003.96;909396.2;3092947.17;4859363.26;21035263.49
1510;71400107.06;32811186.22;33322493.74;3517889.39;1748537.71;135715.71;2379733.28;1084531.66;1398960.07;7155507.93;25062538.91;38053119.19;108617094.6
1818;5196207.06;1727674.24;3112621.31;15643.14;340268.37;0;101370.81;104770.16;634633.97;829024.94;401924.56;1533377.32;7267931.5
213;10189616.39;5766849.73;3284445.91;168234.16;970086.59;78988.01;655562.26;156918.52;203592.89;783257.97;848680.15;2749565.95;12916616.19
509;9581019.82;3768608.9;4568470.32;108292.76;1135647.84;306;103900.32;1127161.08;605414.83;297808.24;1122853.61;2563603.18;12838463.9
1511;31117329.92;17414284.9;10639481.48;817913.51;2245650.03;74966.94;689131.48;3814793.03;366225.3;2086311.57;4816158.11;8805436.61;42964916.35
1512;53589296.88;24222935.86;21944676.18;1895453.78;5526231.06;148615.43;1824998.98;1370151.91;1334974.68;2470296.14;4874985.74;12892463.89;65613319.76
117;4957220.01;2018710.28;1754540.97;70968.43;1113000.33;66367.21;107920.6;81374.05;639869.3;417465.49;1045165.67;1761380.17;7315382.33
813;23789487.42;11058613.68;10394889.82;567502.04;1768481.88;18391.15;19113.21;1394117.02;404828.39;837994.38;3110051.78;5746053.63;29573983.35
1513;12882703.46;7818280.72;3419306.83;201429.31;1443686.6;10059.22;202718.3;27986.18;1139550.47;405230.42;2653461.28;4797416.28;17321709.33
1111;105342726.6;45871473.7;33719887.57;1553596.75;24197768.56;268810.36;2490734.17;0;1052537.83;347843.35;13408584.11;24697671.84;122911236.4
1112;6265848.1;2867820.85;2784877.25;92487.9;520662.1;0;64803.27;3234.62;173470.18;212204.2;535830.13;1544236.89;7255390.5
615;9018701.3;4257423.84;3590452.97;123934.59;1046889.9;44083.13;137820.82;299486.33;1137316.69;509297.51;1536481.18;2670416.58;12683186.96
1215;4690249.45;2425904.58;1427621.76;64113.42;772609.69;1595.94;3302197.15;41399.36;89546.99;683332.79;547168.3;1568041.39;9355489.98
616;7595033.69;3373033.29;3042654.8;212652.16;966693.44;3489.97;31352.82;397378.77;385288.52;788778.4;1017528.44;2776420.16;10218850.61
1819;4907690.36;2143316.58;2315845.59;168505.21;280022.98;1800;260091.39;1105630.26;297356.03;229631.26;1134196.14;1943837.75;7936395.44
1820;6653951.78;4059843.67;1955647.92;272427.37;366032.82;8226.57;165656.25;48882.68;131062.65;452441.32;1361487.63;2214568.26;8821708.88
814;16899709.7;8722556.75;4919586.15;158843.48;3098723.32;18221.82;182664.64;324794.92;297671.43;844431.07;4120668.01;4610014.82;22688161.59
310;7093326.58;3976097.91;2254288.05;26135;836805.62;0;366340.65;235880.91;767531.31;285224.66;509013.43;1992531.19;9257317.54
1418;16375638.98;8990663.4;5261952.4;191304.79;1931718.39;101073.27;501975.65;66433.55;611657.88;2892183.7;2799687.93;4263791.15;23348650.96
1821;12956081.03;4665399.56;5085733.85;68886.36;3136061.26;111261.25;729297.48;1340127.41;3092118.9;1131362.51;2222253.6;4611072.71;21582502.18
409;7213516.6;2923999.88;2968819.59;546578.91;774118.22;21048.4;256461.91;279235.37;478490.4;635900.87;2931875.09;2759289.38;11816528.64
1419;18111928.41;7847634.98;7390384.66;927590.34;1946318.43;55.03;1266193.8;98612.96;695609.84;884547.41;3384860.88;6356527.67;24441808.33
1113;32484095.01;11593070.59;12188167.11;435136.1;8267721.21;626716.81;393958.23;3333.71;79290.26;2409119.85;5467557.87;8407001.2;41464071.74
913;6996569.08;2719057.92;2150295.28;447862.65;1679353.23;0;328715.99;261985.98;809195.17;623311.59;1233445.43;2020549.66;10253223.24
1318;23142022.18;5946648.26;5218707.75;2883517.42;9093148.75;218003.64;1179790.51;1026415.55;1261537.75;1508311.89;2714093.33;5382410.75;31049724.85
118;8219507.8;3375088.07;3308621.51;335281.2;1200517.02;185000;1307905.47;45506.06;343824.68;702066.4;2138472.69;3219649.38;12942283.1
119;9135936.89;4025192.48;3388409.55;201203.23;1521131.63;405789.26;1061726.59;58180.79;1114216.34;566344.33;2469981.66;3393266.92;14812175.86
1608;10523313.72;5142254.35;3979781.27;111445.35;1289832.75;38906.65;2351015.1;8972.48;742549.29;599087.27;611291.64;3312930.74;14875136.15
1315;24508396.35;11335793.3;9719655.48;761753.2;2691194.37;266665.26;532784.58;0;828948.68;298786.33;4270356.15;5449554.73;30705937.35
1712;10120741.57;4190389.73;4424292.18;452431.46;1053628.2;154519.78;378550.69;360484.76;1516154.96;1064070.28;1481885.21;3520309.07;15076407.25
4502;3012136.1;1581875.25;1132908.19;9331.03;288021.63;0;307020.08;402924.8;88356.51;52918.6;575927.68;1302079.83;4439283.77
712;6504776.83;3738314.43;2019320.41;278339.44;468802.55;2000;57464.09;13322.95;84362.23;391339.45;955330.5;1592441.5;8008596.05
713;4843589.95;2315954.39;1873869.16;12580.56;641185.84;0;156571.1;84069.22;180452.81;232359.29;475412.12;1781289.99;5972454.49
1609;29603357.29;15793296.69;9588171.89;323316.13;3898572.58;1384002.33;2911139.59;102217.34;1013010.92;3005724.14;10597614.17;11521237;48617065.78
214;5144120.6;3273764.61;1363918.85;38446.27;467990.87;0;897080.94;36646.2;2165.69;349074.04;955480.13;1750473.18;7384567.6
311;7650999.29;2860121.45;3223250.4;242904.8;1324722.64;39076.74;2425857.08;0;724204.23;387643.96;1962026.96;3461340.77;13189808.26
510;3796367.72;1995522.99;1422568.08;33329.74;344946.91;1088.62;70237.22;145275.96;42113.81;378160.5;276818.07;1153783.57;4710061.9
815;9073329.28;3785317.19;3943070.18;322042.91;1022899;551914.61;1436607.49;193782.81;56208.19;580512.25;278470.59;1715111.91;12170825.22
1316;33248690.61;15614975.78;12066646.79;2232814.21;3334253.83;305138.68;2394488.83;88451.72;1478827.75;279499.07;4926334.81;9476665.86;42721431.47
4101;3520475.33;1782400.93;1345621.03;5944.26;386509.11;46250;20019.13;49978.69;979314.77;396336.44;573219.43;1073060.23;5585593.79
410;6276552.1;2727219.19;2349374.85;18378.39;1181579.67;4194.39;315062.15;122595.45;285021.01;153827.8;453065.26;1493712.64;7610318.16
1114;41875875.22;16306625.41;18433819.68;262574.43;6872855.7;180070.72;2206597.64;720307.02;1482216.81;9150551.59;3501111.66;14086174.93;59116730.66
4206;5900933.91;2433199.49;1559461.44;1087295.68;820977.3;196500;368611.99;263381.94;480854.26;507073.43;1335318.87;1902872.38;9052674.4
1420;5578622.23;2964764.44;2150349.99;80439.8;383068;4110;811609.31;10751.56;51586.16;534011.19;947247.2;1920321.95;7937937.65
1610;7536070.71;3708671.48;3125250.13;72572.19;629576.91;66542.62;437391.53;558365.86;431234.78;722847.59;1402329.64;2496819.05;11154782.73
312;45319359.3;18039739.09;23005147.29;472774.87;3801698.05;328431.96;2661956.13;1559205.53;6532780.73;623212.34;11659989.01;13100076.12;68684935
914;8144730.6;2824622.03;3641793.31;80268.68;1598046.58;0;428728.48;43981.08;930942.06;249781.07;568367.69;2204267.38;10366530.98
1317;82842120.25;34354473.74;33891438.07;4394450.05;10201758.39;2098160.09;6588736.06;8641.65;4454836.75;3385498.74;31483602.06;28596021.62;130861595.6
1822;4313896.19;2274145.57;1649388.66;73852.24;316509.72;40390.32;309565.77;166051.14;506608.51;180004.01;654225.83;1306420.67;6170741.77
617;5109419.62;2298024.45;1695492.29;858963.34;256939.54;138650.25;97945.36;12543.5;61796.16;55607.13;1229999.99;1371664.62;6705962.01
1713;11646689.84;4599417.8;4780958.52;93118.64;2173194.88;423736.86;2194786.68;963648.25;914910.73;5283664.4;707127.74;3999705.24;22134564.5
1714;17673700.58;7106534.88;6672377.42;146396.92;3748391.36;658417.98;679843.41;0;1149379.78;1717832.81;3517640.09;7284634.36;25396814.65
816;48523302.6;7626750.07;22545788.73;3478128.98;14872634.82;1974614.33;4535606.44;1929189.34;4954655.15;3225178.07;12326005.01;2585727.02;77468550.94
511;4787139.21;2482743.19;1646685.77;6633.73;651076.52;84250;277182.13;143339.65;415245.53;634606.06;356460.88;1606034.25;6698223.46
313;19007060.05;7470339.3;8625720.08;588520.56;2322480.11;52750;3054600.97;375159.8;330713.28;617823.04;3215030.86;4801263.74;26653138
714;5571151.64;2865072.16;1946797.85;190208.71;569072.92;0;192249.4;55527.83;135963.41;336743.07;832751.53;1755237.32;7124386.88
411;5977068.26;2493172.75;2896926.76;35536.67;551432.08;15000;22601.67;2632.2;163769.01;1657706.34;509164.54;1835442.83;8347942.02
412;8344904.19;3400651.63;3335739.54;38491.86;1570021.16;54630.98;137663.33;340960.95;477842.45;583723;1250209.85;2637287.86;11189934.75
1823;31840114.34;12022679.17;12381933.24;251696.63;7183805.3;613828.38;1713010.7;18582.32;446785.28;1206707.18;6613147.81;8199491.04;42452176.01
314;10363187.99;4415154.45;2781924.53;436196.09;2729912.92;50000;7120958;200694.51;3413384.7;747889.46;1451851.27;3900976.51;23347965.93
1824;5380440.05;2458339.12;1934636.31;89345.97;898118.65;1568.24;231023.31;3195.19;242026.99;1278368.79;1564365.05;1862739.66;8700987.62
;;;;;;;;;;;;12290427.08;
;;;;;;;;;;;;12469890.63;
;;;;;;;;;;;;3296354.52;
;;;;;;;;;;;;4484787.79;
;;;;;;;;;;;;7454112.04;
;;;;;;;;;;;;32440717.19;
;;;;;;;;;;;;7766499.5;
;;;;;;;;;;;;5148573.11;
;;;;;;;;;;;;14578524.16;
;;;;;;;;;;;;5502570.35;
;;;;;;;;;;;;3720365.34;
;;;;;;;;;;;;12479807.16;
;;;;;;;;;;;;4783999.74;
;;;;;;;;;;;;7876373.13;
;;;;;;;;;;;;4347958;
;;;;;;;;;;;;4895100.34;
;;;;;;;;;;;;36262990.93;
;;;;;;;;;;;;5630155.99;
;;;;;;;;;;;;6556008.21;
;;;;;;;;;;;;6540889;
;;;;;;;;;;;;2890412.19;
;;;;;;;;;;;;3151411.94;
;;;;;;;;;;;;4013027.17;
;;;;;;;;;;;;2163523.4;
;;;;;;;;;;;;37672547.82;
;;;;;;;;;;;;17798867.16;
;;;;;;;;;;;;5688377.18;
;;;;;;;;;;;;13393072.36;
;;;;;;;;;;;;7619213.77;
;;;;;;;;;;;;4845653.74;
;;;;;;;;;;;;10473611.61;
;;;;;;;;;;;;5723518.84;
;;;;;;;;;;;;5026503.27;
;;;;;;;;;;;;7781440.71;
;;;;;;;;;;;;4612604.89;
;;;;;;;;;;;;2768095.96;
;;;;;;;;;;;;4895141.5;
;;;;;;;;;;;;17574555.46;
;;;;;;;;;;;;3806086.66;
;;;;;;;;;;;;7019865.4;
;;;;;;;;;;;;6504361.44;
;;;;;;;;;;;;28025111.38;
;;;;;;;;;;;;1812758.27;
;;;;;;;;;;;;20137848.09;
;;;;;;;;;;;;5017598.85;
;;;;;;;;;;;;11001358.9;
;;;;;;;;;;;;2794802.61;
;;;;;;;;;;;;8292209.75;
;;;;;;;;;;;;5130509.41;
;;;;;;;;;;;;3638445.56;
;;;;;;;;;;;;4608836.91;
;;;;;;;;;;;;43695125.7;
;;;;;;;;;;;;15105381.75;
;;;;;;;;;;;;6837506.82;
;;;;;;;;;;;;4779602.66;
;;;;;;;;;;;;11332296.29;
;;;;;;;;;;;;4978226.56;
;;;;;;;;;;;;2119790.37;
;;;;;;;;;;;;8175304.84;
;;;;;;;;;;;;7615261.75;
;;;;;;;;;;;;7535086.73;
;;;;;;;;;;;;10106827.56;
;;;;;;;;;;;;3812373.67;
;;;;;;;;;;;;3215660.82;
;;;;;;;;;;;;7111336.73;
;;;;;;;;;;;;71292400.72;
;;;;;;;;;;;;2165066.65;
;;;;;;;;;;;;18530765.19;
;;;;;;;;;;;;4734279.3;
;;;;;;;;;;;;3050344.1;
;;;;;;;;;;;;7553871.96;
;;;;;;;;;;;;4744110.45;
;;;;;;;;;;;;4345616.27;
;;;;;;;;;;;;4433160.7;
;;;;;;;;;;;;6514323.76;
;;;;;;;;;;;;4744656.37;
;;;;;;;;;;;;17935886.05;
;;;;;;;;;;;;7071747.25;
;;;;;;;;;;;;38450523.93;
;;;;;;;;;;;;5285798.08;
;;;;;;;;;;;;2371476.14;
;;;;;;;;;;;;9719101.33;
;;;;;;;;;;;;956404.82;
;;;;;;;;;;;;12156927.63;
;;;;;;;;;;;;3170957;
;;;;;;;;;;;;2312784.07;
;;;;;;;;;;;;9189631.85;
;;;;;;;;;;;;6967585.03;
;;;;;;;;;;;;14499397.39;
;;;;;;;;;;;;8499468.53;
;;;;;;;;;;;;7088528.55;
;;;;;;;;;;;;6237601.1;
;;;;;;;;;;;;26609915.55;
;;;;;;;;;;;;15553926.06;
;;;;;;;;;;;;26505023.91;
;;;;;;;;;;;;16223215.28;
;;;;;;;;;;;;4784067.54;
;;;;;;;;;;;;4486819.18;
;;;;;;;;;;;;20648979.49;
;;;;;;;;;;;;3924038;
;;;;;;;;;;;;3628897.66;
;;;;;;;;;;;;2765256.39;
;;;;;;;;;;;;4319593.65;
;;;;;;;;;;;;2820258.45;
;;;;;;;;;;;;34305821.84;
;;;;;;;;;;;;12755262.02;
;;;;;;;;;;;;3006883.16;
;;;;;;;;;;;;3599616.06;
;;;;;;;;;;;;3042963.95;
;;;;;;;;;;;;28853076.57;
;;;;;;;;;;;;6051252.77;
;;;;;;;;;;;;9335516.09;
;;;;;;;;;;;;14288851.32;
;;;;;;;;;;;;35461908.85;
;;;;;;;;;;;;6006848.97;
;;;;;;;;;;;;8230918.55;
;;;;;;;;;;;;10414664.64;
;;;;;;;;;;;;13140657.16;
;;;;;;;;;;;;4842302.09;
;;;;;;;;;;;;18621123.1;
;;;;;;;;;;;;3064203.02;
;;;;;;;;;;;;4396371.64;
;;;;;;;;;;;;11458879.64;
;;;;;;;;;;;;28483756.41;
;;;;;;;;;;;;271263727.09;
;;;;;;;;;;;;43551078.29;
;;;;;;;;;;;;53268698.55;
;;;;;;;;;;;;8776317.78;
;;;;;;;;;;;;6383206.15;
;;;;;;;;;;;;12000726.22;
;;;;;;;;;;;;4479645.5;
;;;;;;;;;;;;7557506.89;
;;;;;;;;;;;;4780035.66;
;;;;;;;;;;;;4081094.89;
;;;;;;;;;;;;25691722.24;
;;;;;;;;;;;;26623638.08;
;;;;;;;;;;;;8061792.29;
;;;;;;;;;;;;2897601.09;
;;;;;;;;;;;;14801825.57;
;;;;;;;;;;;;10746543.41;
;;;;;;;;;;;;2292013.13;
;;;;;;;;;;;;40190760.88;
;;;;;;;;;;;;7032825.63;
;;;;;;;;;;;;3775606.1;
;;;;;;;;;;;;5221157.47;
;;;;;;;;;;;;6672149.24;
;;;;;;;;;;;;2397078.83;
;;;;;;;;;;;;5000436.24;
;;;;;;;;;;;;5318548.26;
;;;;;;;;;;;;5422882.15;
;;;;;;;;;;;;10953233.15;
;;;;;;;;;;;;6597548.28;
;;;;;;;;;;;;5971914.29;
;;;;;;;;;;;;18566009.44;
;;;;;;;;;;;;7525698.69;
;;;;;;;;;;;;4972984.32;
;;;;;;;;;;;;3826964.16;
;;;;;;;;;;;;2989423.86;
;;;;;;;;;;;;8812705.79;
;;;;;;;;;;;;5210736.62;
;;;;;;;;;;;;7809864.5;
;;;;;;;;;;;;12789522.18;
;;;;;;;;;;;;2914365.98;
;;;;;;;;;;;;4381432.08;
;;;;;;;;;;;;6979105.29;
;;;;;;;;;;;;2873840.31;
;;;;;;;;;;;;3200845.09;
;;;;;;;;;;;;3351395.68;
;;;;;;;;;;;;5942005;
;;;;;;;;;;;;4933414.74;
;;;;;;;;;;;;6351642.76;
;;;;;;;;;;;;5774315.3;
;;;;;;;;;;;;10636203.02;
;;;;;;;;;;;;12836240.74;
;;;;;;;;;;;;32577449.92;
;;;;;;;;;;;;57120925.4;
;;;;;;;;;;;;4417112.4;
;;;;;;;;;;;;11104303.68;
;;;;;;;;;;;;18311061.56;
;;;;;;;;;;;;5573085.78;
;;;;;;;;;;;;8574106.1;
;;;;;;;;;;;;6846526.37;
;;;;;;;;;;;;13968771.31;
;;;;;;;;;;;;5180238.87;
;;;;;;;;;;;;12209479.06;
;;;;;;;;;;;;11371714.44;
;;;;;;;;;;;;18152759.68;
;;;;;;;;;;;;5400674.39;
;;;;;;;;;;;;23266313.99;
;;;;;;;;;;;;5380862.11;
;;;;;;;;;;;;3308929.2;
;;;;;;;;;;;;6340177.65;
;;;;;;;;;;;;18434640.84;
;;;;;;;;;;;;3935839.97;
;;;;;;;;;;;;4502654.06;
;;;;;;;;;;;;3213241.55;
;;;;;;;;;;;;3222570.21;
;;;;;;;;;;;;8442021.36;
;;;;;;;;;;;;6872541.33;
;;;;;;;;;;;;5104413.51;
;;;;;;;;;;;;19979922.24;
;;;;;;;;;;;;17704645.18;
;;;;;;;;;;;;2729486.96;
;;;;;;;;;;;;6589733.53;
;;;;;;;;;;;;13845542.72;
;;;;;;;;;;;;7984051.95;
;;;;;;;;;;;;8105016.29;
;;;;;;;;;;;;4119705.41;
;;;;;;;;;;;;20130967.59;
;;;;;;;;;;;;86721728.69;
;;;;;;;;;;;;9224826.87;
;;;;;;;;;;;;2145844.65;
;;;;;;;;;;;;2216629.14;
;;;;;;;;;;;;6552431.51;
;;;;;;;;;;;;20122610.22;
;;;;;;;;;;;;2853432.51;
;;;;;;;;;;;;4631232.53;
;;;;;;;;;;;;4446599.66;
;;;;;;;;;;;;3815255.55;
;;;;;;;;;;;;7716515.77;
;;;;;;;;;;;;4934096.2;
;;;;;;;;;;;;4188978.22;
;;;;;;;;;;;;7349642.39;
;;;;;;;;;;;;8942345.38;
;;;;;;;;;;;;9305567.64;
;;;;;;;;;;;;4377603.72;
;;;;;;;;;;;;7587368.42;
;;;;;;;;;;;;6721889.08;
;;;;;;;;;;;;3726401.86;
;;;;;;;;;;;;20076765.55;
;;;;;;;;;;;;2881210.53;
;;;;;;;;;;;;1382733.33;
;;;;;;;;;;;;33251505.31;
;;;;;;;;;;;;3145278.82;
;;;;;;;;;;;;3529878.21;
;;;;;;;;;;;;26661124.92;
;;;;;;;;;;;;11316811.69;
;;;;;;;;;;;;16277541.32;
;;;;;;;;;;;;4930809.88;
;;;;;;;;;;;;9138814.35;
;;;;;;;;;;;;5110614.97;
;;;;;;;;;;;;9114721;
;;;;;;;;;;;;2156146.29;
;;;;;;;;;;;;2657142.22;
;;;;;;;;;;;;2814422.9;
;;;;;;;;;;;;4439096.41;
;;;;;;;;;;;;11051861.65;
;;;;;;;;;;;;69617607.22;
;;;;;;;;;;;;3845783.44;
;;;;;;;;;;;;6347576.64;
;;;;;;;;;;;;6774403.01;
;;;;;;;;;;;;21693525.34;
;;;;;;;;;;;;31039845.34;
;;;;;;;;;;;;3981077.91;
;;;;;;;;;;;;14656287.09;
;;;;;;;;;;;;9052641.56;
;;;;;;;;;;;;70743048.94;
;;;;;;;;;;;;3858404.61;
;;;;;;;;;;;;6524800.05;
;;;;;;;;;;;;3893165.19;
;;;;;;;;;;;;5225694.4;
;;;;;;;;;;;;4324330.44;
;;;;;;;;;;;;4579516.68;
;;;;;;;;;;;;12924179.62;
;;;;;;;;;;;;4751081.35;
;;;;;;;;;;;;10933356.97;
;;;;;;;;;;;;10177137.42;
;;;;;;;;;;;;5693653.08;
;;;;;;;;;;;;12727679.69;
;;;;;;;;;;;;20440316.69;
;;;;;;;;;;;;5004082.44;
;;;;;;;;;;;;17838092.41;
;;;;;;;;;;;;7067351.89;
;;;;;;;;;;;;7668224.7;
;;;;;;;;;;;;7323978.88;
;;;;;;;;;;;;15150496.49;
;;;;;;;;;;;;7668043.12;
;;;;;;;;;;;;2601903.89;
;;;;;;;;;;;;3884371.8;
;;;;;;;;;;;;3376632.66;
;;;;;;;;;;;;24637340.41;
;;;;;;;;;;;;3546469.54;
;;;;;;;;;;;;7048110.23;
;;;;;;;;;;;;2590495.36;
;;;;;;;;;;;;4841452.91;
;;;;;;;;;;;;21944011.26;
;;;;;;;;;;;;2370881.21;
;;;;;;;;;;;;3749607.91;
;;;;;;;;;;;;33886117.57;
;;;;;;;;;;;;4050138.88;
;;;;;;;;;;;;3918798.3;
;;;;;;;;;;;;5448732.44;
;;;;;;;;;;;;33440991.27;
;;;;;;;;;;;;5624070.73;
;;;;;;;;;;;;66642357.18;
;;;;;;;;;;;;3213489.04;
;;;;;;;;;;;;3004421.76;
;;;;;;;;;;;;9616950.1;
;;;;;;;;;;;;15114214.02;
;;;;;;;;;;;;55835056.48;
;;;;;;;;;;;;3455315.34;
;;;;;;;;;;;;11827118.55;
;;;;;;;;;;;;3596385.43;
;;;;;;;;;;;;4058582.51;
;;;;;;;;;;;;5657518.24;
;;;;;;;;;;;;22674892.99;
;;;;;;;;;;;;8069702.5;
;;;;;;;;;;;;4197387.48;
;;;;;;;;;;;;18118247.03;
;;;;;;;;;;;;19028368.18;
;;;;;;;;;;;;5214560.73;
;;;;;;;;;;;;6550507.19;
;;;;;;;;;;;;10591612.07;
;;;;;;;;;;;;57706598.29;
;;;;;;;;;;;;11083764.77;
;;;;;;;;;;;;8161852.04;
;;;;;;;;;;;;22464390.51;
;;;;;;;;;;;;8464814.57;
;;;;;;;;;;;;6247238.26;
;;;;;;;;;;;;18436546.14;
;;;;;;;;;;;;6759555.14;
;;;;;;;;;;;;10460218.12;
;;;;;;;;;;;;6604399.76;
;;;;;;;;;;;;7511213.47;
;;;;;;;;;;;;54758786.04;
;;;;;;;;;;;;8093904.88;
;;;;;;;;;;;;9874120.06;
;;;;;;;;;;;;9229671.25;
;;;;;;;;;;;;4284281.56;
;;;;;;;;;;;;4567458.77;
;;;;;;;;;;;;5757832.71;
;;;;;;;;;;;;3233013.43;
;;;;;;;;;;;;55203914.71;
;;;;;;;;;;;;23866126.56;
;;;;;;;;;;;;8289451.67;
;;;;;;;;;;;;17583972.4;
;;;;;;;;;;;;12448701.99;
;;;;;;;;;;;;7192904.36;
;;;;;;;;;;;;15979785.68;
;;;;;;;;;;;;8224922.28;
;;;;;;;;;;;;7433975.41;
;;;;;;;;;;;;11362804.88;
;;;;;;;;;;;;7112339.22;
;;;;;;;;;;;;4035257.42;
;;;;;;;;;;;;7349620.01;
;;;;;;;;;;;;28963965.43;
;;;;;;;;;;;;5487128.37;
;;;;;;;;;;;;10809939;
;;;;;;;;;;;;10436366.47;
;;;;;;;;;;;;44102520.62;
;;;;;;;;;;;;2681552.04;
;;;;;;;;;;;;30261499;
;;;;;;;;;;;;7425650.85;
;;;;;;;;;;;;16499591.55;
;;;;;;;;;;;;4041602.66;
;;;;;;;;;;;;12779883.19;
;;;;;;;;;;;;7060100.09;
;;;;;;;;;;;;5415246.03;
;;;;;;;;;;;;7002868.31;
;;;;;;;;;;;;66685052.38;
;;;;;;;;;;;;22190312.92;
;;;;;;;;;;;;9762876.91;
;;;;;;;;;;;;6950944.45;
;;;;;;;;;;;;19087221.75;
;;;;;;;;;;;;7921275.01;
;;;;;;;;;;;;3246596.83;
;;;;;;;;;;;;12258189.65;
;;;;;;;;;;;;11065550.76;
;;;;;;;;;;;;10139096.1;
;;;;;;;;;;;;14683854.26;
;;;;;;;;;;;;6140634.45;
;;;;;;;;;;;;4695382.39;
;;;;;;;;;;;;9506919.11;
;;;;;;;;;;;;105115059.24;
;;;;;;;;;;;;3213651.11;
;;;;;;;;;;;;26243287.08;
;;;;;;;;;;;;6745192.92;
;;;;;;;;;;;;4767201.3;
;;;;;;;;;;;;11242835.82;
;;;;;;;;;;;;7604448.77;
;;;;;;;;;;;;7356117.93;
;;;;;;;;;;;;6912288.16;
;;;;;;;;;;;;9590590.58;
;;;;;;;;;;;;7068338.11;
;;;;;;;;;;;;26601220.17;
;;;;;;;;;;;;11216352.16;
;;;;;;;;;;;;58060887.34;
;;;;;;;;;;;;8119417.76;
;;;;;;;;;;;;3768117.93;
;;;;;;;;;;;;13241589.27;
;;;;;;;;;;;;1408194.15;
;;;;;;;;;;;;17512129.05;
;;;;;;;;;;;;5304244.62;
;;;;;;;;;;;;3716761.59;
;;;;;;;;;;;;15107530.52;
;;;;;;;;;;;;11080553.94;
;;;;;;;;;;;;23177887.01;
;;;;;;;;;;;;12523003.81;
;;;;;;;;;;;;10499394.83;
;;;;;;;;;;;;8973466.88;
;;;;;;;;;;;;37391004.9;
;;;;;;;;;;;;22299511.16;
;;;;;;;;;;;;35282613.08;
;;;;;;;;;;;;23295903.07;
;;;;;;;;;;;;7314130.62;
;;;;;;;;;;;;6404139.15;
;;;;;;;;;;;;28997138.95;
;;;;;;;;;;;;6218086.69;
;;;;;;;;;;;;5232427.57;
;;;;;;;;;;;;3988610.62;
;;;;;;;;;;;;7850889.55;
;;;;;;;;;;;;4079964.53;
;;;;;;;;;;;;53045598.25;
;;;;;;;;;;;;18109837.28;
;;;;;;;;;;;;4574700.48;
;;;;;;;;;;;;5275104.17;
;;;;;;;;;;;;4269168.58;
;;;;;;;;;;;;43617568.69;
;;;;;;;;;;;;9146758.58;
;;;;;;;;;;;;14227497.57;
;;;;;;;;;;;;20635360.16;
;;;;;;;;;;;;54238229.83;
;;;;;;;;;;;;8825053.45;
;;;;;;;;;;;;11970352.79;
;;;;;;;;;;;;15836448.25;
;;;;;;;;;;;;21088800.7;
;;;;;;;;;;;;7158162.54;
;;;;;;;;;;;;29767102.84;
;;;;;;;;;;;;3799426.68;
;;;;;;;;;;;;5716152.2;
;;;;;;;;;;;;16196165.1;
;;;;;;;;;;;;48166137.99;
;;;;;;;;;;;;404084351.98;
;;;;;;;;;;;;68341728.18;
;;;;;;;;;;;;74079755.02;
;;;;;;;;;;;;13269455.84;
;;;;;;;;;;;;9827023.88;
;;;;;;;;;;;;17783516.8;
;;;;;;;;;;;;6455057.08;
;;;;;;;;;;;;11411095.42;
;;;;;;;;;;;;6918174.16;
;;;;;;;;;;;;5789480.89;
;;;;;;;;;;;;38366944.93;
;;;;;;;;;;;;40036225.34;
;;;;;;;;;;;;12077832.98;
;;;;;;;;;;;;4095447.37;
;;;;;;;;;;;;20436041.36;
;;;;;;;;;;;;16303587.06;
;;;;;;;;;;;;3478645.92;
;;;;;;;;;;;;60607892.43;
;;;;;;;;;;;;9860650.97;
;;;;;;;;;;;;5538967.05;
;;;;;;;;;;;;7878919.38;
;;;;;;;;;;;;9672100.38;
;;;;;;;;;;;;3783919.09;
;;;;;;;;;;;;7431749.34;
;;;;;;;;;;;;7338849.64;
;;;;;;;;;;;;7945961.95;
;;;;;;;;;;;;15511752.03;
;;;;;;;;;;;;9379909.64;
;;;;;;;;;;;;8220098.32;
;;;;;;;;;;;;25220994.24;
;;;;;;;;;;;;11053940.03;
;;;;;;;;;;;;6940035.52;
;;;;;;;;;;;;5708548.48;
;;;;;;;;;;;;4146174.06;
;;;;;;;;;;;;12966534.79;
;;;;;;;;;;;;12952726.98;
;;;;;;;;;;;;11306503.38;
;;;;;;;;;;;;18128400.21;
;;;;;;;;;;;;4474152.7;
;;;;;;;;;;;;6549664.02;
;;;;;;;;;;;;10632511.66;
;;;;;;;;;;;;4029290.33;
;;;;;;;;;;;;4706062.69;
;;;;;;;;;;;;4900651.43;
;;;;;;;;;;;;8493564.3;
;;;;;;;;;;;;7178469.48;
;;;;;;;;;;;;9262126.49;
;;;;;;;;;;;;6982994.74;
;;;;;;;;;;;;15986558.66;
;;;;;;;;;;;;18540030.12;
;;;;;;;;;;;;48030509.27;
;;;;;;;;;;;;90275720.26;
;;;;;;;;;;;;6409415.19;
;;;;;;;;;;;;16814408.26;
;;;;;;;;;;;;26187760.6;
;;;;;;;;;;;;8915315.47;
;;;;;;;;;;;;12572243.08;
;;;;;;;;;;;;10131899.47;
;;;;;;;;;;;;20827294.08;
;;;;;;;;;;;;7244130.88;
;;;;;;;;;;;;18585515;
;;;;;;;;;;;;16884761.28;
;;;;;;;;;;;;29408228.83;
;;;;;;;;;;;;7781313.52;
;;;;;;;;;;;;33182938.9;
;;;;;;;;;;;;8707898.92;
;;;;;;;;;;;;4498377.69;
;;;;;;;;;;;;10017695.46;
;;;;;;;;;;;;25919616.69;
;;;;;;;;;;;;5806462.46;
;;;;;;;;;;;;6760320.45;
;;;;;;;;;;;;4427274.45;
;;;;;;;;;;;;4621687.41;
;;;;;;;;;;;;12236245.84;
;;;;;;;;;;;;9978423.79;
;;;;;;;;;;;;7819609.93;
;;;;;;;;;;;;30254127.46;
;;;;;;;;;;;;26252873.11;
;;;;;;;;;;;;4075392.13;
;;;;;;;;;;;;9508697.61;
;;;;;;;;;;;;20106859.56;
;;;;;;;;;;;;11369982.03;
;;;;;;;;;;;;12297964.76;
;;;;;;;;;;;;6135189.27;
;;;;;;;;;;;;31835173.33;
;;;;;;;;;;;;135752747.11;
;;;;;;;;;;;;13274454.3;
;;;;;;;;;;;;3550056.78;
;;;;;;;;;;;;3474148.67;
;;;;;;;;;;;;9652195.27;
;;;;;;;;;;;;29687176.49;
;;;;;;;;;;;;4365007.81;
;;;;;;;;;;;;7603708.2;
;;;;;;;;;;;;6467865.63;
;;;;;;;;;;;;5756756.45;
;;;;;;;;;;;;10455816.89;
;;;;;;;;;;;;7262401.1;
;;;;;;;;;;;;6087898.98;
;;;;;;;;;;;;10144472.64;
;;;;;;;;;;;;13563053.9;
;;;;;;;;;;;;14398218.67;
;;;;;;;;;;;;5825183.22;
;;;;;;;;;;;;11046133.92;
;;;;;;;;;;;;9232804.6;
;;;;;;;;;;;;5370848.85;
;;;;;;;;;;;;27518041.8;
;;;;;;;;;;;;3782841.65;
;;;;;;;;;;;;2554406.44;
;;;;;;;;;;;;49488348.63;
;;;;;;;;;;;;4695571.5;
;;;;;;;;;;;;5441942.02;
;;;;;;;;;;;;35916909.6;
;;;;;;;;;;;;17229920.71;
;;;;;;;;;;;;24955538.19;
;;;;;;;;;;;;7516766.13;
;;;;;;;;;;;;12681221.04;
;;;;;;;;;;;;7876422.77;
;;;;;;;;;;;;12510554.5;
;;;;;;;;;;;;3045765.4;
;;;;;;;;;;;;3867171.7;
;;;;;;;;;;;;4157913.95;
;;;;;;;;;;;;6436280.26;
;;;;;;;;;;;;15778597.36;
;;;;;;;;;;;;89574363.86;
;;;;;;;;;;;;5567927.49;
;;;;;;;;;;;;9949638.58;
;;;;;;;;;;;;9894390.02;
;;;;;;;;;;;;31495139.88;
;;;;;;;;;;;;47560197.24;
;;;;;;;;;;;;5879715.84;
;;;;;;;;;;;;21666254.08;
;;;;;;;;;;;;12928986.71;
;;;;;;;;;;;;106837012.75;
;;;;;;;;;;;;5536934.23;
;;;;;;;;;;;;9296090.73;
;;;;;;;;;;;;6741590.97;
;;;;;;;;;;;;7842331.78;
;;;;;;;;;;;;5939474.88;
;;;;;;;;;;;;6522314.96;
;;;;;;;;;;;;18179675.76;
;;;;;;;;;;;;7113517.56;
;;;;;;;;;;;;16075035.08;
;;;;;;;;;;;;15106873.12;
;;;;;;;;;;;;8171366.66;
;;;;;;;;;;;;19392714.53;
;;;;;;;;;;;;30595648.37;
;;;;;;;;;;;;8088015.32;
;;;;;;;;;;;;24236801.58;
;;;;;;;;;;;;9626798.9;
;;;;;;;;;;;;10950847.64;
;;;;;;;;;;;;11118164.94;
;;;;;;;;;;;;23253679.69;
;;;;;;;;;;;;11539879.86;
;;;;;;;;;;;;4247172.96;
;;;;;;;;;;;;5633074.28;
;;;;;;;;;;;;4775155.87;
;;;;;;;;;;;;37255023.17;
;;;;;;;;;;;;5486060.08;
;;;;;;;;;;;;9501848.65;
;;;;;;;;;;;;3940422.42;
;;;;;;;;;;;;7709307.77;
;;;;;;;;;;;;34460427.6;
;;;;;;;;;;;;4278427.18;
;;;;;;;;;;;;5435069.17;
;;;;;;;;;;;;45232888.91;
;;;;;;;;;;;;6278260.2;
;;;;;;;;;;;;5745774.94;
;;;;;;;;;;;;8260851.98;
;;;;;;;;;;;;55277802.06;
;;;;;;;;;;;;7983013.64;
;;;;;;;;;;;;94670139.75;
;;;;;;;;;;;;4529817.68;
;;;;;;;;;;;;4482586.77;
;;;;;;;;;;;;15126678.24;
;;;;;;;;;;;;21976304.48;
;;;;;;;;;;;;60977927.44;
;;;;;;;;;;;;5317059.06;
;;;;;;;;;;;;18716760.31;
;;;;;;;;;;;;5210561.5;
;;;;;;;;;;;;6079349.51;
;;;;;;;;;;;;8432723.44;
;;;;;;;;;;;;33951254.88;
;;;;;;;;;;;;12529351.23;
;;;;;;;;;;;;6210991.3;
;;;;;;;;;;;;23884396.14;
;;;;;;;;;;;;25580351.5;
;;;;;;;;;;;;6925784.49;
;;;;;;;;;;;;9172318.13;
;;;;;;;;;;;;13470418.34;
;;;;;;;;;;;;79429526.81;
;;;;;;;;;;;;14612551.75;
;;;;;;;;;;;;11145159.72;
;;;;;;;;;;;;29898972.95;
;;;;;;;;;;;;12021053.21;
;;;;;;;;;;;;8319976.56;
;;;;;;;;;;;;24586585.74;
;;;;;;;;;;;;8967967.65;
;;;;;;;;;;;;26316573.32;
;;;;;;;;;;;;9034722.15;
;;;;;;;;;;;;10081790.4;
;;;;;;;;;;;;76922783.53;
;;;;;;;;;;;;11372289.79;
;;;;;;;;;;;;13269510.09;
;;;;;;;;;;;;12309375.87;
;;;;;;;;;;;;5734120.39;
;;;;;;;;;;;;5876245.93;
;;;;;;;;;;;;7695159.3;
;;;;;;;;;;;;4240368.35;
;;;;;;;;;;;;77341785.86;
;;;;;;;;;;;;30769998.4;
;;;;;;;;;;;;11783264.1;
;;;;;;;;;;;;21815001.48;
;;;;;;;;;;;;17296174.31;
;;;;;;;;;;;;9863722.03;
;;;;;;;;;;;;21577001.45;
;;;;;;;;;;;;10964936.61;
;;;;;;;;;;;;10312994.5;
;;;;;;;;;;;;15575284.32;
;;;;;;;;;;;;9992335.58;
;;;;;;;;;;;;5711708.18;
;;;;;;;;;;;;9775833.04;
;;;;;;;;;;;;48062750.9;
;;;;;;;;;;;;7307792.36;
;;;;;;;;;;;;14131319.35;
;;;;;;;;;;;;13808204.17;
;;;;;;;;;;;;59187086.8;
;;;;;;;;;;;;3522046.33;
;;;;;;;;;;;;41282037.69;
;;;;;;;;;;;;9814495.82;
;;;;;;;;;;;;22252224.88;
;;;;;;;;;;;;5350119.67;
;;;;;;;;;;;;16682615.43;
;;;;;;;;;;;;9482390.31;
;;;;;;;;;;;;7245077.05;
;;;;;;;;;;;;9107578.9;
;;;;;;;;;;;;86282035.08;
;;;;;;;;;;;;30203893.92;
;;;;;;;;;;;;12931300.16;
;;;;;;;;;;;;9580723;
;;;;;;;;;;;;25792734.03;
;;;;;;;;;;;;10535260.42;
;;;;;;;;;;;;4751018.69;
;;;;;;;;;;;;16291602.29;
;;;;;;;;;;;;14869609.82;
;;;;;;;;;;;;12712158.88;
;;;;;;;;;;;;19998239.37;
;;;;;;;;;;;;8180692.54;
;;;;;;;;;;;;6251027.78;
;;;;;;;;;;;;25193132.86;
;;;;;;;;;;;;143336743.36;
;;;;;;;;;;;;4372517.3;
;;;;;;;;;;;;35173075.89;
;;;;;;;;;;;;9118360.32;
;;;;;;;;;;;;6183461.1;
;;;;;;;;;;;;14515207.78;
;;;;;;;;;;;;12041712.49;
;;;;;;;;;;;;9548331.64;
;;;;;;;;;;;;9157457.57;
;;;;;;;;;;;;13275989.91;
;;;;;;;;;;;;9464299.09;
;;;;;;;;;;;;51320016.99;
;;;;;;;;;;;;14105830.55;
;;;;;;;;;;;;78971386.58;
;;;;;;;;;;;;10627843.67;
;;;;;;;;;;;;5091034.45;
;;;;;;;;;;;;17373728.14;
;;;;;;;;;;;;1996330.11;
;;;;;;;;;;;;24107730.93;
;;;;;;;;;;;;6844829.77;
;;;;;;;;;;;;4904064.28;
;;;;;;;;;;;;19274311.03;
;;;;;;;;;;;;15297224.5;
;;;;;;;;;;;;30883754.95;
;;;;;;;;;;;;17776438.67;
;;;;;;;;;;;;13995539.59;
;;;;;;;;;;;;11688649.62;
;;;;;;;;;;;;49456439.26;
;;;;;;;;;;;;30420106.09;
;;;;;;;;;;;;56668628.43;
;;;;;;;;;;;;30853013.02;
;;;;;;;;;;;;9758184.26;
;;;;;;;;;;;;8526986.93;
;;;;;;;;;;;;37830005.51;
;;;;;;;;;;;;8213578.09;
;;;;;;;;;;;;6961817.94;
;;;;;;;;;;;;5405983.97;
;;;;;;;;;;;;9379042.28;
;;;;;;;;;;;;5238131.18;
;;;;;;;;;;;;72874780.04;
;;;;;;;;;;;;24753441.39;
;;;;;;;;;;;;6271000.52;
;;;;;;;;;;;;6968678.33;
;;;;;;;;;;;;5856379.68;
;;;;;;;;;;;;58023031.28;
;;;;;;;;;;;;12434994.87;
;;;;;;;;;;;;20076284.8;
;;;;;;;;;;;;28213342.37;
;;;;;;;;;;;;76515936.3;
;;;;;;;;;;;;11611691.77;
;;;;;;;;;;;;16757650.22;
;;;;;;;;;;;;22649831.01;
;;;;;;;;;;;;29914103.89;
;;;;;;;;;;;;9589844.25;
;;;;;;;;;;;;42215573.24;
;;;;;;;;;;;;5031119.33;
;;;;;;;;;;;;7105046.24;
;;;;;;;;;;;;21156755.6;
;;;;;;;;;;;;63505478.5;
;;;;;;;;;;;;623142074.57;
;;;;;;;;;;;;95725183.76;
;;;;;;;;;;;;100665930.25;
;;;;;;;;;;;;19701839.36;
;;;;;;;;;;;;14534813.69;
;;;;;;;;;;;;25117592.85;
;;;;;;;;;;;;8452174.02;
;;;;;;;;;;;;15916604.49;
;;;;;;;;;;;;16282812.25;
;;;;;;;;;;;;7191929.56;
;;;;;;;;;;;;51999270.14;
;;;;;;;;;;;;55563240.42;
;;;;;;;;;;;;16181872.67;
;;;;;;;;;;;;5508470.15;
;;;;;;;;;;;;26885204.01;
;;;;;;;;;;;;21897051.45;
;;;;;;;;;;;;4905966;
;;;;;;;;;;;;86592707.79;
;;;;;;;;;;;;12827730.3;
;;;;;;;;;;;;7330232.59;
;;;;;;;;;;;;10901656.59;
;;;;;;;;;;;;13050636.03;
;;;;;;;;;;;;4935136.45;
;;;;;;;;;;;;9660492.18;
;;;;;;;;;;;;9259341.21;
;;;;;;;;;;;;10982571.7;
;;;;;;;;;;;;21877556.23;
;;;;;;;;;;;;12854289.28;
;;;;;;;;;;;;11973872.11;
;;;;;;;;;;;;32553770.65;
;;;;;;;;;;;;14852901.44;
;;;;;;;;;;;;9774897.43;
;;;;;;;;;;;;7599249.16;
;;;;;;;;;;;;5386874.07;
;;;;;;;;;;;;17147601.59;
;;;;;;;;;;;;16631926.49;
;;;;;;;;;;;;14987928.97;
;;;;;;;;;;;;23981826.86;
;;;;;;;;;;;;6190900.04;
;;;;;;;;;;;;8680025.18;
;;;;;;;;;;;;13974114.37;
;;;;;;;;;;;;5216331.46;
;;;;;;;;;;;;6487994.61;
;;;;;;;;;;;;6610025.17;
;;;;;;;;;;;;11604725.3;
;;;;;;;;;;;;9628288.35;
;;;;;;;;;;;;11472224.99;
;;;;;;;;;;;;8273801.79;
;;;;;;;;;;;;19929584.71;
;;;;;;;;;;;;25639176.24;
;;;;;;;;;;;;65176851.91;
;;;;;;;;;;;;116634386.71;
;;;;;;;;;;;;8421452.31;
;;;;;;;;;;;;22545281.86;
;;;;;;;;;;;;34449456.39;
;;;;;;;;;;;;11929542.47;
;;;;;;;;;;;;17432608.28;
;;;;;;;;;;;;13656364.82;
;;;;;;;;;;;;29915193.79;
;;;;;;;;;;;;9831703.77;
;;;;;;;;;;;;24682611.96;
;;;;;;;;;;;;22433007.41;
;;;;;;;;;;;;39680684.81;
;;;;;;;;;;;;10101739.96;
;;;;;;;;;;;;43368996.83;
;;;;;;;;;;;;11604780.39;
;;;;;;;;;;;;5864006.64;
;;;;;;;;;;;;12673966.75;
;;;;;;;;;;;;35947155.39;
;;;;;;;;;;;;7708916.46;
;;;;;;;;;;;;8895225.77;
;;;;;;;;;;;;6158095.37;
;;;;;;;;;;;;6248142.41;
;;;;;;;;;;;;16034701.59;
;;;;;;;;;;;;15509213.93;
;;;;;;;;;;;;10491305.88;
;;;;;;;;;;;;41823934.44;
;;;;;;;;;;;;34237044.97;
;;;;;;;;;;;;5428618.8;
;;;;;;;;;;;;12332180.04;
;;;;;;;;;;;;27202078.13;
;;;;;;;;;;;;15262469.74;
;;;;;;;;;;;;17185744.58;
;;;;;;;;;;;;8702485.35;
;;;;;;;;;;;;45033466.4;
;;;;;;;;;;;;176337104.3;
;;;;;;;;;;;;17421692.01;
;;;;;;;;;;;;4649765.09;
;;;;;;;;;;;;4841989.49;
;;;;;;;;;;;;13557309.73;
;;;;;;;;;;;;40152916.97;
;;;;;;;;;;;;6511186.33;
;;;;;;;;;;;;10409737.54;
;;;;;;;;;;;;8641026.99;
;;;;;;;;;;;;7846810.08;
;;;;;;;;;;;;13467351.81;
;;;;;;;;;;;;9716301.52;
;;;;;;;;;;;;8599404.36;
;;;;;;;;;;;;13380165.22;
;;;;;;;;;;;;18629750.3;
;;;;;;;;;;;;18901365.89;
;;;;;;;;;;;;7508779.36;
;;;;;;;;;;;;14693702.7;
;;;;;;;;;;;;12028870.8;
;;;;;;;;;;;;9128654.35;
;;;;;;;;;;;;32902866.94;
;;;;;;;;;;;;4701745.98;
;;;;;;;;;;;;4108748.68;
;;;;;;;;;;;;63821042.98;
;;;;;;;;;;;;6899494.81;
;;;;;;;;;;;;6961511.57;
;;;;;;;;;;;;45839936.99;
;;;;;;;;;;;;23025013.58;
;;;;;;;;;;;;32857173.66;
;;;;;;;;;;;;10444671.99;
;;;;;;;;;;;;16028550.63;
;;;;;;;;;;;;10492191.31;
;;;;;;;;;;;;16613209.59;
;;;;;;;;;;;;4027477.84;
;;;;;;;;;;;;5361290.02;
;;;;;;;;;;;;5645215.84;
;;;;;;;;;;;;8979118.98;
;;;;;;;;;;;;20546504.41;
;;;;;;;;;;;;110988443.1;
;;;;;;;;;;;;7598053.97;
;;;;;;;;;;;;13735368.2;
;;;;;;;;;;;;13516950.6;
;;;;;;;;;;;;42971275.63;
;;;;;;;;;;;;64507413.28;
;;;;;;;;;;;;7821848.62;
;;;;;;;;;;;;28950672.97;
;;;;;;;;;;;;16631852.65;
;;;;;;;;;;;;147526734.12;
;;;;;;;;;;;;7327935.04;
;;;;;;;;;;;;12579208.36;
;;;;;;;;;;;;9443322.18;
;;;;;;;;;;;;10256660.98;
;;;;;;;;;;;;7811887.13;
;;;;;;;;;;;;8721384.57;
;;;;;;;;;;;;24481699.97;
;;;;;;;;;;;;9193673.28;
;;;;;;;;;;;;22604657.21;
;;;;;;;;;;;;22015307.17;
;;;;;;;;;;;;11112779.53;
;;;;;;;;;;;;25661879.5;
;;;;;;;;;;;;41019869.69;
;;;;;;;;;;;;10124045.45;
;;;;;;;;;;;;30625523.82;
;;;;;;;;;;;;12945479.9;
;;;;;;;;;;;;15084321.72;
;;;;;;;;;;;;15010794.82;
;;;;;;;;;;;;31597680.18;
;;;;;;;;;;;;15273644.4;
;;;;;;;;;;;;5650309.07;
;;;;;;;;;;;;7915310.13;
;;;;;;;;;;;;6368929.67;
;;;;;;;;;;;;48329519.55;
;;;;;;;;;;;;7263572.4;
;;;;;;;;;;;;13022500.87;
;;;;;;;;;;;;5208505.32;
;;;;;;;;;;;;12291555.28;
;;;;;;;;;;;;47090983.1;
;;;;;;;;;;;;5502318.95;
;;;;;;;;;;;;8102082.18;
;;;;;;;;;;;;59538460.17;
;;;;;;;;;;;;8652197.37;
;;;;;;;;;;;;7463603.48;
;;;;;;;;;;;;11228160.48;
;;;;;;;;;;;;71988888.39;
;;;;;;;;;;;;10520591.59;
;;;;;;;;;;;;129121752.44;
;;;;;;;;;;;;6248837.93;
;;;;;;;;;;;;6791811.84;
;;;;;;;;;;;;20795848.6;
;;;;;;;;;;;;29940068.1;
;;;;;;;;;;;;78228524.29;
;;;;;;;;;;;;6925006.51;
;;;;;;;;;;;;25071545.17;
;;;;;;;;;;;;6962011.87;
;;;;;;;;;;;;8581479.34;
;;;;;;;;;;;;11183010.7;
;;;;;;;;;;;;45360313.99;
;;;;;;;;;;;;24820428.51;
;;;;;;;;;;;;8424435.68;
;;;;;;;;;;;;23884396.14;
;;;;;;;;;;;;25580351.5;
;;;;;;;;;;;;6957779.49;
;;;;;;;;;;;;9172318.13;
;;;;;;;;;;;;13470418.34;
;;;;;;;;;;;;79429526.81;
;;;;;;;;;;;;14612551.75;
;;;;;;;;;;;;11145159.72;
;;;;;;;;;;;;29898972.95;
;;;;;;;;;;;;12021053.21;
;;;;;;;;;;;;8319976.56;
;;;;;;;;;;;;24586585.74;
;;;;;;;;;;;;8967967.65;
;;;;;;;;;;;;26316573.32;
;;;;;;;;;;;;9034722.15;
;;;;;;;;;;;;10081790.4;
;;;;;;;;;;;;76922783.53;
;;;;;;;;;;;;11372289.79;
;;;;;;;;;;;;13269510.09;
;;;;;;;;;;;;12308863.79;
;;;;;;;;;;;;5734120.39;
;;;;;;;;;;;;5876245.93;
;;;;;;;;;;;;7695159.3;
;;;;;;;;;;;;4240368.35;
;;;;;;;;;;;;77341785.86;
;;;;;;;;;;;;30769998.4;
;;;;;;;;;;;;11783264.1;
;;;;;;;;;;;;21815001.48;
;;;;;;;;;;;;17296146.41;
;;;;;;;;;;;;9863722.03;
;;;;;;;;;;;;21577001.45;
;;;;;;;;;;;;10964936.61;
;;;;;;;;;;;;10313995.5;
;;;;;;;;;;;;15575284.32;
;;;;;;;;;;;;9992335.58;
;;;;;;;;;;;;5711708.18;
;;;;;;;;;;;;9775833.04;
;;;;;;;;;;;;48046087.3;
;;;;;;;;;;;;7307792.36;
;;;;;;;;;;;;14131319.35;
;;;;;;;;;;;;13808204.17;
;;;;;;;;;;;;59187086.8;
;;;;;;;;;;;;3522046.33;
;;;;;;;;;;;;41282037.69;
;;;;;;;;;;;;9814495.82;
;;;;;;;;;;;;22252224.88;
;;;;;;;;;;;;5350119.67;
;;;;;;;;;;;;16682615.43;
;;;;;;;;;;;;9482390.31;
;;;;;;;;;;;;7245653.49;
;;;;;;;;;;;;9107576.89;
;;;;;;;;;;;;86282035.08;
;;;;;;;;;;;;30203893.92;
;;;;;;;;;;;;12931300.16;
;;;;;;;;;;;;9580723;
;;;;;;;;;;;;25792734.03;
;;;;;;;;;;;;10535260.42;
;;;;;;;;;;;;4751018.69;
;;;;;;;;;;;;16291602.29;
;;;;;;;;;;;;16280494.24;
;;;;;;;;;;;;12712158.88;
;;;;;;;;;;;;19998239.37;
;;;;;;;;;;;;8180692.54;
;;;;;;;;;;;;6251027.78;
;;;;;;;;;;;;25097671.3;
;;;;;;;;;;;;143391161.2;
;;;;;;;;;;;;4372517.3;
;;;;;;;;;;;;35173075.89;
;;;;;;;;;;;;9097871.86;
;;;;;;;;;;;;6183474.5;
;;;;;;;;;;;;14515207.78;
;;;;;;;;;;;;12041712.49;
;;;;;;;;;;;;9548331.64;
;;;;;;;;;;;;9157625.9;
;;;;;;;;;;;;13275989.91;
;;;;;;;;;;;;9464299.09;
;;;;;;;;;;;;51320016.99;
;;;;;;;;;;;;14119535.78;
;;;;;;;;;;;;78971386.58;
;;;;;;;;;;;;10627843.67;
;;;;;;;;;;;;5091034.45;
;;;;;;;;;;;;17373728.14;
;;;;;;;;;;;;1996330.11;
;;;;;;;;;;;;24107730.93;
;;;;;;;;;;;;6844332.84;
;;;;;;;;;;;;4904064.28;
;;;;;;;;;;;;19289499.32;
;;;;;;;;;;;;15297224.5;
;;;;;;;;;;;;30883754.95;
;;;;;;;;;;;;17776438.67;
;;;;;;;;;;;;13952196.47;
;;;;;;;;;;;;11688649.62;
;;;;;;;;;;;;49456439.26;
;;;;;;;;;;;;30420106.09;
;;;;;;;;;;;;56668628.43;
;;;;;;;;;;;;30853013.02;
;;;;;;;;;;;;9757919.47;
;;;;;;;;;;;;8527026.93;
;;;;;;;;;;;;37830005.51;
;;;;;;;;;;;;8213578.09;
;;;;;;;;;;;;6961817.94;
;;;;;;;;;;;;5405983.97;
;;;;;;;;;;;;9379042.28;
;;;;;;;;;;;;5238131.18;
;;;;;;;;;;;;72875417.76;
;;;;;;;;;;;;24753441.39;
;;;;;;;;;;;;6271000.52;
;;;;;;;;;;;;6974257.89;
;;;;;;;;;;;;5856379.68;
;;;;;;;;;;;;58023031.28;
;;;;;;;;;;;;12434994.87;
;;;;;;;;;;;;20076284.8;
;;;;;;;;;;;;28213342.37;
;;;;;;;;;;;;76515936.3;
;;;;;;;;;;;;11639616.92;
;;;;;;;;;;;;16757658.38;
;;;;;;;;;;;;22649831.01;
;;;;;;;;;;;;29914103.89;
;;;;;;;;;;;;9589844.25;
;;;;;;;;;;;;42215573.24;
;;;;;;;;;;;;5031119.33;
;;;;;;;;;;;;7105046.24;
;;;;;;;;;;;;21156755.6;
;;;;;;;;;;;;63505478.5;
;;;;;;;;;;;;623142074.57;
;;;;;;;;;;;;95727485.89;
;;;;;;;;;;;;100665930.25;
;;;;;;;;;;;;19701839.36;
;;;;;;;;;;;;14534813.69;
;;;;;;;;;;;;25117592.85;
;;;;;;;;;;;;8452174.02;
;;;;;;;;;;;;15916604.49;
;;;;;;;;;;;;16282812.25;
;;;;;;;;;;;;7192592.9;
;;;;;;;;;;;;51999270.14;
;;;;;;;;;;;;55563240.42;
;;;;;;;;;;;;16181872.67;
;;;;;;;;;;;;5508470.15;
;;;;;;;;;;;;26885204.01;
;;;;;;;;;;;;21897051.45;
;;;;;;;;;;;;4905966;
;;;;;;;;;;;;86592707.79;
;;;;;;;;;;;;13112507.38;
;;;;;;;;;;;;7326512.41;
;;;;;;;;;;;;10901656.59;
;;;;;;;;;;;;13050636.03;
;;;;;;;;;;;;4936437.58;
;;;;;;;;;;;;9660492.18;
;;;;;;;;;;;;9259341.21;
;;;;;;;;;;;;10982571.7;
;;;;;;;;;;;;21877556.23;
;;;;;;;;;;;;12854289.28;
;;;;;;;;;;;;11973872.11;
;;;;;;;;;;;;32553770.65;
;;;;;;;;;;;;14860170.69;
;;;;;;;;;;;;9774897.43;
;;;;;;;;;;;;7626707.98;
;;;;;;;;;;;;5386874.07;
;;;;;;;;;;;;17147829.06;
;;;;;;;;;;;;16631926.49;
;;;;;;;;;;;;14987975.77;
;;;;;;;;;;;;23981826.86;
;;;;;;;;;;;;6190900.04;
;;;;;;;;;;;;8680025.18;
;;;;;;;;;;;;14144929.4;
;;;;;;;;;;;;5216331.46;
;;;;;;;;;;;;6487994.61;
;;;;;;;;;;;;6610025.17;
;;;;;;;;;;;;11604725.3;
;;;;;;;;;;;;9628288.35;
;;;;;;;;;;;;11472224.99;
;;;;;;;;;;;;8273801.79;
;;;;;;;;;;;;19929584.71;
;;;;;;;;;;;;25639176.24;
;;;;;;;;;;;;65176851.91;
;;;;;;;;;;;;116634386.71;
;;;;;;;;;;;;8421452.31;
;;;;;;;;;;;;22545281.86;
;;;;;;;;;;;;34449456.39;
;;;;;;;;;;;;11929709.78;
;;;;;;;;;;;;17431800.58;
;;;;;;;;;;;;13656364.82;
;;;;;;;;;;;;29915193.79;
;;;;;;;;;;;;9831703.77;
;;;;;;;;;;;;24682611.96;
;;;;;;;;;;;;22433007.41;
;;;;;;;;;;;;39680684.81;
;;;;;;;;;;;;10101739.96;
;;;;;;;;;;;;43368996.83;
;;;;;;;;;;;;11604780.39;
;;;;;;;;;;;;5864006.64;
;;;;;;;;;;;;12673966.75;
;;;;;;;;;;;;35947155.39;
;;;;;;;;;;;;7708916.46;
;;;;;;;;;;;;8895130.05;
;;;;;;;;;;;;6158095.37;
;;;;;;;;;;;;6248142.41;
;;;;;;;;;;;;16034701.59;
;;;;;;;;;;;;15509213.93;
;;;;;;;;;;;;10491252.82;
;;;;;;;;;;;;41823934.44;
;;;;;;;;;;;;34236559.02;
;;;;;;;;;;;;5428653.8;
;;;;;;;;;;;;12332180.04;
;;;;;;;;;;;;27202078.13;
;;;;;;;;;;;;15262469.74;
;;;;;;;;;;;;17185744.58;
;;;;;;;;;;;;8702486.36;
;;;;;;;;;;;;45033466.4;
;;;;;;;;;;;;176337104.3;
;;;;;;;;;;;;17421692.01;
;;;;;;;;;;;;4649765.09;
;;;;;;;;;;;;4841989.49;
;;;;;;;;;;;;13557309.73;
;;;;;;;;;;;;40152916.97;
;;;;;;;;;;;;6511186.33;
;;;;;;;;;;;;10409737.54;
;;;;;;;;;;;;8641026.99;
;;;;;;;;;;;;7846810.08;
;;;;;;;;;;;;13467351.81;
;;;;;;;;;;;;9716301.43;
;;;;;;;;;;;;8599404.36;
;;;;;;;;;;;;13379948.38;
;;;;;;;;;;;;18629750.3;
;;;;;;;;;;;;18901365.89;
;;;;;;;;;;;;7508779.36;
;;;;;;;;;;;;14693702.7;
;;;;;;;;;;;;12028870.8;
;;;;;;;;;;;;9128654.35;
;;;;;;;;;;;;32902855.3;
;;;;;;;;;;;;4757997.78;
;;;;;;;;;;;;4108748.68;
;;;;;;;;;;;;63821042.98;
;;;;;;;;;;;;6899494.81;
;;;;;;;;;;;;6961511.57;
;;;;;;;;;;;;45839936.99;
;;;;;;;;;;;;23025013.58;
;;;;;;;;;;;;32857173.66;
;;;;;;;;;;;;10444671.99;
;;;;;;;;;;;;16028550.63;
;;;;;;;;;;;;10492191.31;
;;;;;;;;;;;;16613209.59;
;;;;;;;;;;;;4027477.84;
;;;;;;;;;;;;5361290.02;
;;;;;;;;;;;;5645215.84;
;;;;;;;;;;;;8979118.98;
;;;;;;;;;;;;20546504.41;
;;;;;;;;;;;;110988443.1;
;;;;;;;;;;;;7598053.97;
;;;;;;;;;;;;13735368.2;
;;;;;;;;;;;;13516950.6;
;;;;;;;;;;;;42971275.63;
;;;;;;;;;;;;64507413.28;
;;;;;;;;;;;;7821848.62;
;;;;;;;;;;;;28950672.97;
;;;;;;;;;;;;16631852.65;
;;;;;;;;;;;;147526734.12;
;;;;;;;;;;;;7327935.04;
;;;;;;;;;;;;12579208.36;
;;;;;;;;;;;;9443322.18;
;;;;;;;;;;;;10256660.98;
;;;;;;;;;;;;7811887.13;
;;;;;;;;;;;;8721384.57;
;;;;;;;;;;;;24481699.97;
;;;;;;;;;;;;9193673.28;
;;;;;;;;;;;;22845913.33;
;;;;;;;;;;;;22015307.17;
;;;;;;;;;;;;11113792.65;
;;;;;;;;;;;;25661879.5;
;;;;;;;;;;;;41019869.69;
;;;;;;;;;;;;10124045.45;
;;;;;;;;;;;;30625428.48;
;;;;;;;;;;;;12945479.9;
;;;;;;;;;;;;15084321.72;
;;;;;;;;;;;;14894237.51;
;;;;;;;;;;;;31597680.18;
;;;;;;;;;;;;15273644.4;
;;;;;;;;;;;;5650309.07;
;;;;;;;;;;;;7915310.13;
;;;;;;;;;;;;6368929.67;
;;;;;;;;;;;;48329519.55;
;;;;;;;;;;;;7263572.4;
;;;;;;;;;;;;13022500.87;
;;;;;;;;;;;;5205685.74;
;;;;;;;;;;;;12291555.28;
;;;;;;;;;;;;47090983.1;
;;;;;;;;;;;;5502318.95;
;;;;;;;;;;;;8102082.18;
;;;;;;;;;;;;59538460.17;
;;;;;;;;;;;;8652197.37;
;;;;;;;;;;;;7463603.48;
;;;;;;;;;;;;11228160.48;
;;;;;;;;;;;;71988888.39;
;;;;;;;;;;;;10520591.59;
;;;;;;;;;;;;129121752.44;
;;;;;;;;;;;;6248837.93;
;;;;;;;;;;;;6791811.84;
;;;;;;;;;;;;20795848.6;
;;;;;;;;;;;;29940068.1;
;;;;;;;;;;;;78228524.29;
;;;;;;;;;;;;6925006.51;
;;;;;;;;;;;;25071545.17;
;;;;;;;;;;;;6962496.15;
;;;;;;;;;;;;8588508.6;
;;;;;;;;;;;;11183010.7;
;;;;;;;;;;;;45360313.99;
;;;;;;;;;;;;24820428.51;
;;;;;;;;;;;;8424435.68;
